10,148,97,35
27,148,97,35
43,148,97,35
59,148,97,35
75,148,97,35
91,148,97,36
107,148,97,36
123,148,97,37
139,148,97,38
155,148,97,39
171,148,97,40
188,148,97,40
204,148,97,41
220,148,97,42
236,148,97,42
252,148,97,42
268,148,97,42
284,148,97,42
300,148,97,42
316,148,97,42
333,148,97,41
349,148,97,41
365,148,97,41
381,148,97,41
397,148,97,41
413,148,97,41
429,148,97,41
445,148,97,40
461,148,97,40
477,148,97,40
494,148,97,40
510,148,97,40
526,148,97,40
542,148,97,40
558,148,97,41
574,148,97,42
590,148,97,43
606,148,97,44
622,148,97,45
639,148,97,45
655,148,97,46
671,148,97,46
687,148,97,46
703,148,97,45
719,148,97,45
735,148,97,45
751,148,97,45
767,148,97,44
783,148,97,49
800,148,97,48
816,148,97,47
832,148,97,46
848,148,97,45
864,148,97,44
880,148,97,43
896,148,97,42
912,148,97,42
928,148,97,41
944,148,97,40
961,148,97,40
977,148,97,41
993,148,97,42
1009,148,97,44
1025,148,97,46
1041,148,97,48
1057,148,97,49
1073,148,97,50
1089,148,97,50
1106,148,97,49
1122,148,97,49
1138,148,97,57
1154,148,97,55
1170,148,97,53
1186,148,97,51
1202,148,97,48
1218,148,97,46
1234,148,97,45
1250,148,97,43
1267,148,97,42
1283,148,97,40
1299,148,97,40
1315,148,97,39
1331,148,97,38
1347,148,97,37
1363,148,97,37
1379,148,97,38
1395,148,97,40
1411,148,97,43
1428,148,97,47
1444,148,97,51
1460,148,97,56
1476,148,97,58
1492,148,97,60
1508,148,97,61
1524,148,97,61
1540,148,97,61
1556,148,97,61
1572,148,97,61
1589,148,97,61
1605,148,97,61
1621,148,97,60
1637,148,97,60
1653,148,97,59
1669,148,97,57
1685,148,97,56
1701,148,97,54
1717,148,97,52
1734,148,97,51
1750,148,97,49
1766,148,97,48
1782,148,97,47
1798,148,97,48
1814,148,97,48
1830,148,97,50
1846,148,97,53
1862,148,97,56
1878,148,97,60
1895,148,97,63
1911,148,97,64
1927,148,97,65
1943,148,97,63
1959,148,97,82
1975,148,97,76
1991,148,97,69
2007,148,97,61
2023,148,97,54
2039,148,97,47
2056,148,97,41
2072,148,97,37
2088,148,97,33
2104,148,97,30
2120,148,97,27
2136,148,97,26
2152,148,97,27
2168,148,97,27
2184,148,97,27
2200,148,97,27
2217,148,97,27
2233,148,97,28
2249,148,97,31
2265,148,97,31
2281,148,97,34
2297,148,97,39
2313,148,97,43
2329,148,97,49
2345,148,97,54
2361,148,97,57
2378,148,97,58
2394,148,97,57
2410,148,97,55
2426,148,97,52
2442,148,97,49
2458,148,97,45
2474,148,97,42
2490,148,97,40
2506,148,97,37
2522,148,97,34
2538,148,97,32
2555,148,97,30
2571,148,97,28
2587,148,97,26
2603,148,97,26
2619,148,97,25
2635,148,97,26
2651,148,97,27
2667,148,97,31
2683,148,97,38
2699,148,97,38
2715,148,97,46
2731,148,97,58
2748,148,97,70
2764,148,97,83
2780,148,97,93
2796,148,97,102
2812,148,97,109
2828,148,97,112
2844,148,97,115
2860,148,97,115
2876,148,97,115
2892,148,97,115
2908,148,97,115
2925,148,97,115
2941,148,97,114
2957,148,97,113
2973,148,97,113
2989,148,97,112
3005,148,97,110
3021,148,97,107
3037,148,97,104
3053,148,97,100
3069,148,97,68
3085,148,97,66
3102,148,97,66
3118,148,97,70
3134,148,97,85
3150,148,97,85
3166,148,97,106
3182,148,97,127
3198,148,97,127
3214,148,97,127
3230,148,97,127
3247,148,97,127
3263,148,97,127
3279,148,97,123
3295,148,97,106
3311,148,97,91
3327,148,97,79
3343,148,97,69
3359,148,97,61
3375,148,97,53
3391,148,97,47
3408,148,97,42
3424,148,97,39
3440,148,97,36
3456,148,97,33
3472,148,97,31
3488,148,97,28
3504,148,97,26
3520,148,97,25
3536,148,97,27
3553,148,97,36
3569,148,97,55
3585,148,97,78
3601,148,97,78
3617,148,97,101
3633,148,97,120
3649,148,97,127
3665,148,97,127
3681,148,97,127
3697,148,97,76
3714,148,97,68
3730,148,97,61
3746,148,97,54
3762,148,97,48
3778,148,97,44
3794,148,97,40
3810,148,97,38
3826,148,97,36
3842,148,97,34
3858,148,97,32
3874,148,97,31
3891,148,97,29
3907,148,97,28
3923,148,97,27
3939,148,97,27
3955,148,97,26
3971,148,97,27
3987,148,97,30
4003,148,97,39
4019,148,97,49
4035,148,97,49
4052,148,97,59
4068,148,97,67
4084,148,97,74
4100,148,97,75
4116,148,97,71
4132,148,97,63
4148,148,97,56
4164,148,97,50
4180,148,97,44
4196,148,97,40
4213,148,97,38
4229,148,97,35
4245,148,97,33
4261,148,97,31
4277,148,97,30
4293,148,97,29
4309,148,97,28
4325,148,97,28
4341,148,97,28
4357,148,97,27
4374,148,97,27
4390,148,97,27
4406,148,97,28
4422,148,97,29
4438,148,97,34
4454,148,97,41
4470,148,97,50
4486,148,97,50
4502,148,97,58
4518,148,97,63
4534,148,97,65
4550,148,98,63
4567,148,98,57
4583,148,98,49
4599,148,98,42
4615,148,98,37
4631,148,98,32
4647,148,98,28
4663,148,98,25
4679,148,98,21
4695,148,98,19
4711,148,98,16
4728,148,98,14
4744,148,98,13
4760,148,98,12
4776,148,98,11
4792,148,98,11
4808,148,98,10
4824,148,98,11
4840,148,98,11
4856,148,98,12
4872,148,98,13
4888,148,98,15
4904,148,98,18
4921,148,98,18
4937,148,98,21
4953,148,98,23
4969,148,98,26
4985,148,98,28
5001,148,98,29
5017,148,98,30
5033,148,98,30
5049,148,98,30
5065,148,98,30
5082,148,98,30
5098,148,98,30
5114,148,98,29
5130,148,98,29
5146,148,98,29
5162,148,98,29
5178,148,98,29
5194,148,98,30
5210,148,98,30
5226,148,98,30
5243,148,98,31
5259,148,98,31
5275,148,98,31
5291,148,98,32
5307,148,98,34
5323,148,98,36
5339,148,98,41
5355,148,98,48
5371,148,98,48
5387,148,98,55
5404,148,98,62
5420,148,98,66
5436,148,98,68
5452,148,98,67
5468,148,98,64
5484,148,98,60
5500,148,98,56
5516,148,98,53
5532,148,98,51
5548,148,98,49
5564,148,98,48
5581,148,98,47
5597,148,98,46
5613,148,98,45
5629,148,98,44
5645,148,98,44
5661,148,98,43
5677,148,98,42
5693,148,98,42
5709,148,98,41
5725,148,98,42
5742,148,98,47
5758,148,98,59
5774,148,98,73
5790,148,98,87
5806,148,98,101
5822,148,98,101
5838,148,98,114
5854,148,98,120
5870,148,98,117
5886,148,98,75
5903,148,98,70
5919,148,98,64
5935,148,98,58
5951,148,98,53
5967,148,98,48
5983,148,98,45
5999,148,98,42
6015,148,98,40
6031,148,98,38
6047,148,98,37
6064,148,98,36
6080,148,98,35
6096,148,98,34
6112,148,98,34
6128,148,98,33
6144,148,98,33
6160,148,98,33
6176,148,98,35
6192,148,98,40
6208,148,98,47
6225,148,98,55
6241,148,98,63
6257,148,98,71
6273,148,98,71
6289,148,98,75
6305,148,98,74
6321,147,98,71
6337,147,98,66
6353,147,98,60
6369,147,98,54
6386,147,98,48
6402,147,98,43
6418,147,98,40
6434,147,98,37
6450,147,98,35
6466,147,98,33
6482,147,98,32
6498,147,98,30
6514,147,98,30
6530,147,98,29
6547,147,98,28
6563,147,98,28
6579,147,98,27
6595,147,98,27
6611,147,98,27
6627,147,98,29
6643,147,98,34
6659,147,98,40
6675,147,98,47
6691,147,98,54
6707,147,98,54
6723,147,98,59
6740,147,98,62
6756,145,98,61
6772,145,98,57
6788,145,98,52
6804,145,98,47
6820,145,98,42
6836,145,98,39
6852,145,98,35
6868,145,98,33
6884,145,98,31
6900,145,98,29
6917,145,98,28
6933,145,98,27
6949,145,98,26
6965,145,98,26
6981,145,98,25
6997,145,98,25
7013,145,98,25
7029,145,98,25
7045,145,98,25
7061,145,98,25
7078,145,98,25
7094,145,98,27
7110,145,98,30
7126,145,98,35
7142,145,98,40
7158,145,98,40
7174,145,98,43
7190,145,98,47
7206,145,98,49
7222,145,98,47
7239,145,98,49
7255,145,98,43
7271,145,98,38
7287,145,98,33
7303,145,98,29
7319,145,98,26
7335,145,98,23
7351,145,98,22
7367,145,98,20
7383,145,98,19
7400,145,98,19
7416,145,98,19
7432,145,98,19
7448,145,98,19
7464,145,98,19
7480,145,98,19
7496,145,98,19
7512,145,98,19
7528,145,98,20
7545,145,98,23
7561,145,98,31
7577,145,98,43
7593,145,98,56
7609,145,98,56
7625,145,98,68
7641,145,98,79
7657,145,98,87
7673,145,98,88
7689,145,98,84
7706,145,98,77
7722,145,98,69
7738,145,98,62
7754,145,98,55
7770,145,98,49
7786,145,98,44
7802,145,98,41
7818,145,98,38
7834,145,98,36
7850,145,98,34
7867,145,98,33
7883,145,98,32
7899,145,98,31
7915,145,98,31
7931,145,98,30
7947,145,98,30
7963,145,98,29
7979,145,98,31
7995,145,98,39
8011,145,98,53
8028,145,98,73
8044,145,98,73
8060,145,98,94
8076,145,98,116
8092,145,98,127
8108,145,98,127
8124,145,98,127
8140,145,98,127
8156,145,98,127
8172,145,98,82
8188,145,98,75
8204,145,98,68
8221,145,98,60
8237,145,98,53
8253,145,98,47
8269,145,98,42
8285,145,98,39
8301,145,98,36
8317,145,98,33
8333,145,98,31
8349,145,98,29
8365,145,98,28
8381,145,98,26
8397,145,98,25
8414,145,98,25
8430,145,98,25
8446,145,98,28
8462,145,98,36
8478,145,98,44
8494,145,98,44
8510,145,98,55
8526,145,98,66
8542,145,98,77
8558,145,98,83
8574,145,98,86
8591,145,98,84
8607,143,98,80
8623,143,98,75
8639,143,98,68
8655,143,98,61
8671,143,98,54
8687,143,98,47
8703,143,98,41
8719,143,98,37
8735,143,98,33
8751,143,98,30
8767,143,98,27
8784,143,98,25
8800,143,98,24
8816,143,98,23
8832,143,98,22
8848,143,98,22
8864,143,98,21
8880,143,98,21
8896,143,98,21
8912,143,98,24
8928,143,98,24
8945,143,98,31
8961,143,98,40
8977,143,98,50
8993,143,98,61
9009,143,98,72
9025,143,98,80
9041,143,98,82
9057,140,98,80
9073,140,98,76
9089,140,98,69
9106,140,98,62
9122,140,98,55
9138,140,98,47
9154,140,98,41
9170,140,98,36
9186,140,98,32
9202,140,98,28
9218,140,98,26
9234,140,98,24
9250,140,98,22
9267,140,98,21
9283,140,98,20
9299,140,98,19
9315,140,98,19
9331,140,98,18
9347,140,98,18
9363,140,98,18
9379,140,98,18
9395,140,98,18
9412,140,98,18
9428,140,98,19
9444,140,98,24
9460,140,98,31
9476,140,98,39
9492,140,98,45
9508,140,98,52
9524,140,98,56
9540,140,98,57
9556,140,98,54
9572,140,98,49
9589,140,98,45
9605,140,98,40
9621,140,98,37
9637,140,98,34
9653,140,98,31
9669,140,98,29
9685,140,98,28
9701,140,98,26
9717,140,98,25
9733,140,98,24
9749,140,98,24
9766,140,98,23
9782,140,98,23
9798,140,98,22
9814,140,98,22
9830,140,98,22
9846,140,98,22
9862,140,98,22
9878,140,98,22
9894,140,98,22
9910,140,98,23
9927,140,98,24
9943,140,98,28
9959,140,98,35
9975,140,98,41
9991,140,98,48
10007,140,98,54
10023,140,98,58
10039,140,98,58
10055,140,98,56
10071,140,98,52
10088,140,98,48
10104,140,98,44
10120,140,98,41
10136,140,98,39
10152,140,98,38
10168,140,98,36
10184,140,98,35
10200,140,98,34
10216,140,98,33
10232,140,98,33
10249,140,98,32
10265,140,98,32
10281,140,98,32
10297,140,98,32
10313,140,98,31
10329,140,98,31
10345,140,98,31
10361,140,98,31
10377,140,98,31
10393,140,98,32
10410,140,98,37
10426,140,98,44
10442,140,98,53
10458,140,98,64
10474,140,98,74
10490,140,98,83
10506,140,98,86
10522,140,98,85
10538,140,98,82
10554,140,98,76
10571,140,98,69
10587,140,98,61
10603,140,98,54
10619,140,98,47
10635,140,98,41
10651,140,98,37
10667,140,98,34
10683,140,98,31
10699,140,98,29
10716,140,98,29
10732,140,98,28
10748,140,98,27
10764,140,98,26
10780,140,98,25
10796,140,98,24
10812,140,98,24
10828,140,98,23
10844,140,98,23
10860,140,98,23
10877,140,98,25
10893,140,98,31
10909,140,98,40
10925,140,98,48
10941,140,98,59
10957,140,98,68
10973,140,98,76
10989,140,98,77
11005,140,98,76
11021,137,98,71
11038,137,98,65
11054,137,98,58
11070,137,98,51
11086,137,98,44
11102,137,98,40
11118,137,98,35
11134,137,98,32
11150,137,98,29
11166,137,98,29
11182,137,98,27
11199,137,98,26
11215,137,98,24
11231,137,98,23
11247,137,98,23
11263,137,98,22
11279,137,98,22
11295,137,98,22
11311,137,98,21
11327,137,98,21
11343,137,98,21
11360,137,98,21
11376,137,98,23
11392,137,98,29
11408,137,98,35
11424,137,98,41
11440,137,98,47
11456,137,98,53
11472,137,98,55
11488,137,98,53
11505,137,98,50
11521,137,98,45
11537,137,98,40
11553,137,98,37
11569,137,98,34
11585,137,98,31
11601,137,98,29
11617,137,98,29
11633,137,98,27
11650,137,98,26
11666,137,98,24
11682,137,98,24
11698,137,98,23
11714,137,98,23
11730,137,98,23
11746,137,98,23
11762,137,98,23
11778,137,98,23
11794,137,98,23
11811,137,98,23
11827,137,98,23
11843,137,98,23
11859,137,98,23
11875,137,98,24
11891,137,98,25
11907,137,98,27
11923,137,98,31
11939,137,98,34
11955,137,98,37
11972,137,98,40
11988,137,98,40
12004,137,98,40
12020,137,98,40
12036,137,98,38
12052,137,98,37
12068,137,98,37
12084,137,98,36
12100,137,98,35
12116,137,98,34
12133,137,98,33
12149,137,98,33
12165,137,98,32
12181,137,98,32
12197,137,98,32
12213,137,98,32
12229,137,98,32
12245,137,98,32
12261,137,98,32
12277,137,98,32
12294,137,98,32
12310,137,98,33
12326,137,98,33
12342,137,98,34
12358,137,98,35
12374,137,98,37
12390,137,98,42
12406,137,98,48
12422,137,98,54
12438,137,98,59
12454,137,98,63
12470,137,98,65
12487,137,98,62
12503,137,98,62
12519,137,98,59
12535,137,98,54
12551,137,98,50
12567,137,98,47
12583,137,98,44
12599,137,98,42
12615,137,98,40
12631,137,98,39
12647,137,98,38
12664,137,98,37
12680,137,98,37
12696,137,98,36
12712,137,98,35
12728,137,98,35
12744,137,98,34
12760,137,98,34
12776,137,98,33
12792,137,98,33
12809,137,98,32
12825,137,98,32
12841,137,98,34
12857,137,98,39
12873,137,98,45
12889,137,98,53
12905,137,98,60
12921,137,98,66
12937,137,98,70
12953,137,98,70
12970,135,98,70
12986,135,98,66
13002,135,98,61
13018,135,98,56
13034,135,98,51
13050,135,98,46
13066,135,98,42
13082,135,98,40
13098,135,98,37
13114,135,98,35
13131,135,98,33
13147,135,98,32
13163,135,98,31
13179,135,98,30
13195,135,98,29
13211,135,98,29
13227,135,98,28
13243,135,98,28
13259,135,98,28
13275,135,98,28
13292,135,98,28
13308,135,98,29
13324,135,98,31
13340,135,98,36
13356,135,98,42
13372,135,98,48
13388,135,98,53
13404,135,98,53
13420,135,98,57
13436,135,98,59
13453,135,98,57
13469,135,98,53
13485,135,98,48
13501,135,98,44
13517,135,98,41
13533,135,98,39
13549,135,98,37
13565,135,98,35
13581,135,98,33
13598,135,98,32
13614,135,98,31
13630,135,98,31
13646,135,98,30
13662,135,98,29
13678,135,98,29
13694,135,98,28
13710,135,98,28
13726,135,98,28
13742,135,98,28
13759,135,98,27
13775,135,98,27
13791,135,98,28
13807,135,98,28
13823,135,98,30
13839,135,98,33
13855,135,98,33
13871,135,98,36
13887,135,98,39
13903,135,98,41
13920,135,98,43
13936,135,98,43
13952,135,98,42
13968,135,98,41
13984,135,98,40
14000,135,98,39
14016,135,98,38
14032,135,98,37
14048,135,98,36
14065,135,98,35
14081,135,98,34
14097,135,98,34
14113,135,98,33
14129,135,98,33
14145,135,98,33
14161,135,98,32
14177,135,98,32
14193,135,98,32
14209,135,98,32
14226,135,98,32
14242,135,98,33
14258,135,98,33
14274,135,98,35
14290,135,98,38
14306,135,98,38
14322,135,98,42
14338,135,98,48
14354,135,98,54
14370,135,98,58
14387,135,98,62
14403,135,98,63
14419,135,98,61
14435,135,98,58
14451,135,98,55
14467,135,98,52
14483,135,98,49
14499,135,98,46
14515,135,98,44
14531,135,98,42
14547,135,98,41
14563,135,98,40
14579,135,98,40
14596,135,98,40
14612,135,98,39
14628,135,98,39
14644,135,98,38
14660,135,98,38
14676,135,98,37
14692,135,98,37
14708,135,98,36
14724,135,98,37
14740,135,98,37
14756,135,98,41
14773,135,98,49
14789,135,98,58
14805,135,98,67
14821,135,98,76
14837,135,98,83
14853,135,98,85
14869,135,98,84
14885,135,98,80
14901,135,98,74
14918,135,98,67
14934,135,98,60
14950,135,98,54
14966,135,98,48
14982,135,98,43
14998,135,98,40
15014,135,98,37
15030,135,98,35
15046,135,98,33
15062,135,98,31
15079,135,98,30
15095,135,98,29
15111,135,98,29
15127,135,98,28
15143,135,98,28
15159,135,98,27
15175,135,98,28
15191,135,98,28
15207,135,98,31
15223,135,98,38
15239,135,98,46
15256,135,98,56
15272,135,98,66
15288,135,98,76
15304,135,98,81
15320,135,98,82
15336,133,98,79
15352,133,98,74
15368,133,98,67
15384,133,98,60
15400,133,98,53
15416,133,98,46
15432,133,98,40
15449,133,98,36
15465,133,98,33
15481,133,98,30
15497,133,98,28
15513,133,98,26
15529,133,98,25
15545,133,98,24
15561,133,98,23
15577,133,98,22
15593,133,98,22
15609,133,98,21
15625,133,98,21
15642,133,98,21
15658,133,98,21
15674,133,98,22
15690,133,98,26
15706,133,98,32
15722,133,98,40
15738,133,98,47
15754,133,98,54
15770,133,98,60
15787,133,98,61
15803,133,98,59
15819,133,98,55
15835,133,98,50
15851,133,98,45
15867,133,98,40
15883,133,98,37
15899,133,98,34
15915,133,98,31
15932,133,98,30
15948,133,98,28
15964,133,98,27
15980,133,98,27
15996,133,98,26
16012,133,98,26
16028,133,98,26
16044,133,98,26
16060,133,98,25
16077,133,98,25
16093,133,98,25
16109,133,98,25
16125,133,98,25
16141,133,98,25
16157,133,98,26
16173,133,98,30
16189,133,98,38
16205,133,98,44
16222,133,98,52
16238,133,98,60
16254,133,98,65
16270,133,98,67
16286,131,98,64
16302,131,98,61
16318,131,98,56
16334,131,98,51
16350,131,98,46
16366,131,98,42
16382,131,98,39
16399,131,98,36
16415,131,98,34
16431,131,98,32
16447,131,98,31
16463,131,98,31
16479,131,98,30
16495,131,98,30
16511,131,98,29
16527,131,98,29
16544,131,98,29
16560,131,98,29
16576,131,98,29
16592,131,98,29
16608,131,98,29
16624,131,98,31
16640,131,98,37
16656,131,98,45
16672,131,98,56
16689,131,98,67
16705,131,98,79
16721,131,98,88
16737,131,98,93
16753,131,98,94
16769,131,98,91
16785,131,98,87
16801,131,98,81
16817,131,98,74
16834,131,98,66
16850,131,98,59
16866,131,98,52
16882,131,98,46
16898,131,98,41
16914,131,98,38
16930,131,98,35
16946,131,98,33
16962,131,98,31
16978,131,98,31
16995,131,98,29
17011,131,98,27
17027,131,98,26
17043,131,98,25
17059,131,98,24
17075,131,98,23
17091,131,98,24
17107,131,98,30
17123,131,98,39
17139,131,98,50
17155,131,98,62
17172,131,98,74
17188,131,98,85
17204,131,98,90
17220,131,98,91
17236,131,98,89
17252,130,98,84
17268,130,98,78
17284,130,98,71
17300,130,98,63
17317,130,98,54
17333,130,98,47
17349,130,98,40
17365,130,98,35
17381,130,98,31
17397,130,98,27
17413,130,98,25
17429,130,98,25
17445,130,98,22
17461,130,98,21
17478,130,98,20
17494,130,98,19
17510,130,98,18
17526,130,98,17
17542,130,98,17
17558,130,98,16
17574,130,98,17
17590,130,98,19
17606,130,98,26
17622,130,98,35
17639,130,98,46
17655,130,98,58
17671,130,98,69
17687,130,98,77
17703,130,98,80
17719,130,98,80
17735,130,98,76
17751,128,98,70
17767,128,98,62
17784,128,98,55
17800,128,98,47
17816,128,98,40
17832,128,98,35
17848,128,98,30
17864,128,98,27
17880,128,98,27
17896,128,98,24
17912,128,98,22
17929,128,98,20
17945,128,98,19
17961,128,98,18
17977,128,98,18
17993,128,98,17
18009,128,98,17
18025,128,98,16
18041,128,98,16
18057,128,98,16
18073,128,98,16
18090,128,98,16
18106,128,98,17
18122,128,98,21
18138,128,98,28
18154,128,98,36
18170,128,98,44
18186,128,98,51
18202,128,98,57
18218,128,98,59
18235,128,98,57
18251,128,98,52
18267,128,98,47
18283,128,98,42
18299,128,98,39
18315,128,98,35
18331,128,98,35
18347,128,98,32
18363,128,98,30
18379,128,98,28
18396,128,98,27
18412,128,98,26
18428,128,98,25
18444,128,98,24
18460,128,98,24
18476,128,98,24
18492,128,98,23
18508,128,98,23
18524,128,98,23
18540,128,98,23
18556,128,98,23
18573,128,98,23
18589,128,98,24
18605,128,98,24
18621,128,98,26
18637,128,98,33
18653,128,98,40
18669,128,98,49
18685,128,98,58
18701,128,98,66
18717,128,98,72
18733,128,98,72
18749,128,98,70
18766,128,98,65
18782,128,98,65
18798,128,98,60
18814,128,98,54
18830,128,98,49
18846,128,98,44
18862,128,98,40
18878,128,98,38
18894,128,98,36
18911,128,98,34
18927,128,98,32
18943,128,98,31
18959,128,98,30
18975,128,98,30
18991,128,98,29
19007,128,98,29
19023,128,98,28
19039,128,98,28
19055,128,98,28
19072,128,98,28
19088,128,98,28
19104,128,98,28
19120,128,98,33
19136,128,98,40
19152,128,98,50
19168,128,98,61
19184,128,98,72
19200,128,98,82
19217,128,98,88
19233,128,98,88
19249,128,98,89
19265,128,98,87
19281,128,98,82
19297,128,98,75
19313,128,98,67
19329,128,98,60
19345,128,98,52
19361,128,98,45
19377,128,98,40
19393,128,98,36
19410,128,98,33
19426,128,98,30
19442,128,98,28
19458,128,98,26
19474,128,98,25
19490,128,98,24
19506,128,98,23
19522,128,98,22
19538,128,98,21
19554,128,98,21
19571,128,98,20
19587,128,98,20
19603,128,98,21
19619,128,98,27
19635,128,98,35
19651,128,98,45
19667,128,98,45
19683,128,98,56
19699,128,98,67
19716,128,98,77
19732,128,98,82
19748,128,98,82
19764,127,98,79
19780,127,98,73
19796,127,98,66
19812,127,98,59
19828,127,98,51
19844,127,98,44
19861,127,98,39
19877,127,98,34
19893,127,98,30
19909,127,98,27
19925,127,98,25
19941,127,98,24
19957,127,98,23
19973,127,98,22
19989,127,98,22
20005,127,98,21
20021,127,98,21
20038,127,98,21
20054,127,98,20
20070,127,98,20
20086,127,98,20
20102,127,98,20
20118,127,98,20
20134,127,98,20
20150,127,98,22
20166,127,98,29
20182,127,98,37
20199,127,98,45
20215,127,98,54
20231,127,98,63
20247,127,98,68
20263,127,98,67
20279,127,98,64
20295,127,98,59
20311,127,98,53
20327,127,98,46
20344,127,98,41
20360,127,98,37
20376,127,98,33
20392,127,98,30
20408,127,98,27
20424,127,98,26
20440,127,98,24
20456,127,98,23
20472,127,98,23
20489,127,98,22
20505,127,98,22
20521,127,98,21
20537,127,98,21
20553,127,98,21
20569,127,98,21
20585,127,98,21
20601,127,98,21
20617,127,98,21
20634,127,98,22
20650,127,98,22
20666,127,98,23
20682,127,98,25
20698,127,98,31
20714,127,98,37
20730,127,98,42
20746,127,98,48
20762,127,98,52
20779,127,98,54
20795,127,98,52
20811,127,98,49
20827,127,98,45
20843,127,98,41
20859,127,98,39
20875,127,98,37
20891,127,98,35
20907,127,98,34
20923,127,98,33
20939,127,98,32
20956,127,98,31
20972,127,98,31
20988,127,98,30
21004,127,98,30
21020,127,98,30
21036,127,98,29
21052,127,98,29
21068,127,98,29
21084,127,98,29
21100,127,98,28
21117,127,98,28
21133,127,98,28
21149,127,98,29
21165,127,98,30
21181,127,98,33
21197,127,98,39
21213,127,98,46
21229,127,98,55
21245,127,98,63
21261,127,98,69
21278,127,98,73
21294,127,98,72
21310,127,98,69
21326,127,98,64
21342,127,98,59
21358,127,98,54
21374,127,98,49
21390,127,98,45
21406,127,98,42
21422,127,98,40
21439,127,98,38
21455,127,98,36
21471,127,98,36
21487,127,98,35
21503,127,98,34
21519,127,98,33
21535,127,98,33
21551,127,98,32
21567,127,98,32
21584,127,98,31
21600,127,98,31
21616,127,98,31
21632,127,98,31
21648,127,98,31
21664,127,98,33
21680,127,98,39
21696,127,98,47
21712,127,98,57
21728,127,98,67
21745,127,98,77
21761,127,98,85
21777,127,98,87
21793,127,98,86
21809,127,98,82
21825,127,98,75
21841,127,98,68
21857,127,98,60
21873,127,98,52
21890,127,98,46
21906,127,98,40
21922,127,98,40
21938,127,98,36
21954,127,98,33
21970,127,98,30
21986,127,98,28
22002,127,98,26
22018,127,98,25
22034,127,98,24
22051,127,98,23
22067,127,98,22
22083,127,98,22
22099,127,98,21
22115,127,98,21
22131,127,98,21
22147,127,98,22
22163,127,98,26
22179,127,98,34
22196,127,98,42
22212,127,98,52
22228,127,98,62
22244,127,98,71
22260,127,98,75
22276,127,98,75
22292,127,98,72
22308,126,98,67
22324,126,98,61
22341,126,98,54
22357,126,98,47
22373,126,98,41
22389,126,98,41
22405,126,98,37
22421,126,98,33
22437,126,98,30
22453,126,98,28
22469,126,98,26
22485,126,98,24
22502,126,98,23
22518,126,98,22
22534,126,98,22
22550,126,98,21
22566,126,98,21
22582,126,98,21
22598,126,98,20
22614,126,98,20
22630,126,98,20
22647,126,98,21
22663,126,98,23
22679,126,98,29
22695,126,98,36
22711,126,98,43
22727,126,98,50
22743,126,98,57
22759,126,98,61
22775,126,98,60
22791,126,98,56
22808,126,98,52
22824,126,98,47
22840,126,98,47
22856,126,98,42
22872,126,98,38
22888,126,98,35
22904,126,98,32
22920,126,98,30
22936,126,98,28
22953,126,98,27
22969,126,98,26
22985,126,98,25
23001,126,98,24
23017,126,98,24
23033,126,98,24
23049,126,98,24
23065,126,98,24
23081,126,98,23
23097,126,98,23
23114,126,98,23
23130,126,98,23
23146,126,98,24
23162,126,98,25
23178,126,98,29
23194,126,98,35
23210,126,98,41
23226,126,98,47
23242,126,98,52
23259,126,98,56
23275,126,98,56
23291,126,98,56
23307,125,98,53
23323,125,98,49
23339,125,98,46
23355,125,98,42
23371,125,98,40
23387,125,98,38
23404,125,98,36
23420,125,98,35
23436,125,98,34
23452,125,98,33
23468,125,98,32
23484,125,98,32
23500,125,98,32
23516,125,98,32
23532,125,98,31
23548,125,98,31
23565,125,98,31
23581,125,98,31
23597,125,98,31
23613,125,98,31
23629,125,98,32
23645,125,98,34
23661,125,98,40
23677,125,98,47
23693,125,98,56
23709,125,98,65
23726,125,98,73
23742,125,98,73
23758,125,98,79
23774,125,98,81
23790,125,98,79
23806,125,98,75
23822,125,98,70
23838,125,98,64
23854,125,98,58
23871,125,98,53
23887,125,98,49
23903,125,98,45
23919,125,98,42
23935,125,98,40
23951,125,98,38
23967,125,98,37
23983,125,98,36
23999,125,98,35
24016,125,98,34
24032,125,98,33
24048,125,98,32
24064,125,98,31
24080,125,98,31
24096,125,98,30
24112,125,98,31
24128,125,98,36
24144,125,98,43
24160,125,98,54
24177,125,98,65
24193,125,98,65
24209,125,98,77
24225,125,98,88
24241,125,98,95
24257,125,98,97
24273,125,98,95
24289,125,98,91
24305,125,98,85
24321,125,98,78
24337,125,98,70
24354,125,98,61
24370,125,98,53
24386,125,98,46
24402,125,98,40
24418,125,98,35
24434,125,98,31
24450,125,98,28
24466,125,98,26
24482,125,98,24
24498,125,98,22
24514,125,98,21
24530,125,98,20
24547,125,98,19
24563,125,98,19
24579,125,98,18
24595,125,98,19
24611,125,98,23
24627,125,98,23
24643,125,98,32
24659,125,98,42
24675,125,98,54
24692,125,98,66
24708,125,98,78
24724,125,98,85
24740,125,98,88
24756,125,98,87
24772,124,98,84
24788,124,98,79
24804,124,98,72
24820,124,98,65
24836,124,98,57
24853,124,98,49
24869,124,98,42
24885,124,98,37
24901,124,98,32
24917,124,98,28
24933,124,98,26
24949,124,98,23
24965,124,98,22
24981,124,98,21
24998,124,98,20
25014,124,98,19
25030,124,98,18
25046,124,98,18
25062,124,98,17
25078,124,98,17
25094,124,98,17
25110,124,98,18
25126,124,98,25
25142,124,98,34
25159,124,98,44
25175,124,98,56
25191,124,98,69
25207,124,98,79
25223,124,98,84
25239,124,98,85
25255,124,98,82
25271,124,98,77
25287,124,98,71
25303,124,98,63
25319,124,98,55
25336,124,98,47
25352,124,98,40
25368,124,98,34
25384,124,98,29
25400,124,98,25
25416,124,98,22
25432,124,98,20
25448,124,98,18
25464,124,98,17
25480,124,98,16
25496,124,98,16
25513,124,98,15
25529,124,98,15
25545,124,98,15
25561,124,98,15
25577,124,98,14
25593,124,98,14
25609,124,98,14
25625,124,98,15
25641,124,98,19
25657,124,98,26
25674,124,98,36
25690,124,98,45
25706,124,98,55
25722,124,98,65
25738,124,98,70
25754,124,98,71
25770,124,98,69
25786,123,98,64
25802,123,98,57
25818,123,98,50
25835,123,98,44
25851,123,98,39
25867,123,98,34
25883,123,98,30
25899,123,98,27
25915,123,98,25
25931,123,98,23
25947,123,98,22
25963,123,98,21
25979,123,98,21
25996,123,98,21
26012,123,98,20
26028,123,98,20
26044,123,98,20
26060,123,98,20
26076,123,98,20
26092,123,98,20
26108,123,98,20
26124,123,98,20
26140,123,98,22
26157,123,98,28
26173,123,98,37
26189,123,98,46
26205,123,98,57
26221,123,98,68
26237,123,98,77
26253,123,98,80
26269,123,98,80
26285,123,98,77
26301,122,98,72
26317,122,98,66
26333,122,98,59
26350,122,98,52
26366,122,98,46
26382,122,98,40
26398,122,98,37
26414,122,98,37
26430,122,98,34
26446,122,98,31
26462,122,98,29
26478,122,98,28
26494,122,98,27
26511,122,98,26
26527,122,98,25
26543,122,98,25
26559,122,98,24
26575,122,98,24
26591,122,98,24
26607,122,98,24
26623,122,98,24
26639,122,98,27
26655,122,98,35
26672,122,98,44
26688,122,98,57
26704,122,98,70
26720,122,98,82
26736,122,98,92
26752,122,98,96
26768,122,98,97
26784,122,98,94
26800,122,98,90
26817,122,98,84
26833,122,98,77
26849,122,98,69
26865,122,98,69
26881,122,98,61
26897,122,98,53
26913,122,98,46
26929,122,98,40
26945,122,98,37
26961,122,98,33
26978,122,98,30
26994,122,98,27
27010,122,98,25
27026,122,98,24
27042,122,98,22
27058,122,98,21
27074,122,98,20
27090,122,98,19
27106,122,98,18
27123,122,98,18
27139,122,98,22
27155,122,98,30
27171,122,98,40
27187,122,98,53
27203,122,98,67
27219,122,98,79
27235,122,98,88
27251,122,98,91
27267,122,98,91
27283,122,98,88
27299,121,98,83
27316,121,98,83
27332,121,98,78
27348,121,98,71
27364,121,98,63
27380,121,98,55
27396,121,98,47
27412,121,98,40
27428,121,98,35
27444,121,98,30
27461,121,98,26
27477,121,98,22
27493,121,98,20
27509,121,98,18
27525,121,98,16
27541,121,98,15
27557,121,98,14
27573,121,98,13
27589,121,98,13
27606,121,98,12
27622,121,98,12
27638,121,98,12
27654,121,98,13
27670,121,98,20
27686,121,98,30
27702,121,98,40
27718,121,98,53
27734,121,98,65
27750,121,98,76
27767,121,98,76
27783,121,98,81
27799,121,98,82
27815,120,98,79
27831,120,98,74
27847,120,98,67
27863,120,98,59
27879,120,98,51
27895,120,98,43
27911,120,98,36
27928,120,98,30
27944,120,98,25
27960,120,98,21
27976,120,98,18
27992,120,98,16
28008,120,98,15
28024,120,98,14
28040,120,98,13
28056,120,98,12
28072,120,98,12
28089,120,98,12
28105,120,98,12
28121,120,98,11
28137,120,98,11
28153,120,98,11
28169,120,98,11
28185,120,98,12
28201,120,98,13
28217,120,98,13
28234,120,98,16
28250,120,98,23
28266,120,98,32
28282,120,98,40
28298,120,98,50
28314,120,98,58
28330,120,98,63
28346,120,98,62
28362,120,98,59
28378,120,98,54
28395,120,98,48
28411,120,98,42
28427,120,98,38
28443,120,98,34
28459,120,98,30
28475,120,98,28
28491,120,98,26
28507,120,98,24
28523,120,98,24
28539,120,98,23
28556,120,98,23
28572,120,98,22
28588,120,98,22
28604,120,98,22
28620,120,98,22
28636,120,98,22
28652,120,98,22
28668,120,98,22
28684,120,98,22
28701,120,98,22
28717,120,98,22
28733,120,98,23
28749,120,98,25
28765,120,98,31
28781,120,98,40
28797,120,98,49
28813,120,98,59
28829,120,98,69
28845,120,98,76
28862,120,98,78
28878,119,98,77
28894,119,98,73
28910,119,98,68
28926,119,98,61
28942,119,98,55
28958,119,98,49
28974,119,98,43
28990,119,98,40
29006,119,98,36
29022,119,98,34
29039,119,98,32
29055,119,98,31
29071,119,98,29
29087,119,98,29
29103,119,98,29
29119,119,98,28
29135,119,98,27
29151,119,98,26
29167,119,98,26
29183,119,98,25
29200,119,98,25
29216,119,98,25
29232,119,98,24
29248,119,98,25
29264,119,98,30
29280,119,98,38
29296,119,98,48
29312,119,98,60
29328,119,98,72
29345,119,98,84
29361,119,98,91
29377,119,98,93
29393,119,98,92
29409,119,98,88
29425,119,98,82
29441,119,98,74
29457,119,98,66
29473,119,98,58
29489,119,98,50
29505,119,98,42
29521,119,98,37
29538,119,98,33
29554,119,98,33
29570,119,98,29
29586,119,98,26
29602,119,98,24
29618,119,98,23
29634,119,98,22
29650,119,98,21
29666,119,98,20
29682,119,98,20
29698,119,98,19
29714,119,98,19
29730,119,98,18
29746,119,98,18
29763,119,98,20
29779,119,98,26
29795,119,98,35
29811,119,98,46
29827,119,98,58
29843,119,98,70
29859,119,98,81
29875,119,98,86
29891,119,98,87
29907,119,98,84
29923,119,98,79
29939,119,98,73
29955,119,98,65
29972,119,98,57
29988,119,98,57
30004,119,98,49
30020,119,98,41
30036,119,98,36
30052,119,98,31
30068,119,98,27
30084,119,98,24
30100,119,98,22
30116,119,98,20
30132,119,98,19
30148,119,98,18
30165,119,98,17
30181,119,98,17
30197,119,98,16
30213,119,98,16
30229,119,98,16
30245,119,98,15
30261,119,98,15
30277,119,98,15
30293,119,98,16
30310,119,98,20
30326,119,98,27
30342,119,98,36
30358,119,98,45
30374,119,98,54
30390,119,98,62
30406,119,98,66
30422,119,98,66
30438,119,98,65
30454,119,98,62
30471,119,98,56
30487,119,98,50
30503,119,98,43
30519,119,98,38
30535,119,98,33
30551,119,98,29
30567,119,98,26
30583,119,98,24
30599,119,98,22
30615,119,98,21
30632,119,98,20
30648,119,98,20
30664,119,98,19
30680,119,98,19
30696,119,98,19
30712,119,98,19
30728,119,98,19
30744,119,98,19
30760,119,98,19
30776,119,98,19
30793,119,98,19
30809,119,98,20
30825,119,98,21
30841,119,98,23
30857,119,98,28
30873,119,98,28
30889,119,98,35
30905,119,98,41
30921,119,98,48
30937,119,98,54
30954,119,98,57
30970,119,98,57
30986,119,98,54
31002,119,98,49
31018,119,98,45
31034,119,98,42
31050,119,98,39
31066,119,98,36
31082,119,98,34
31098,119,98,33
31114,119,98,31
31131,119,98,31
31147,119,98,30
31163,119,98,30
31179,119,98,30
31195,119,98,30
31211,119,98,30
31227,119,98,30
31243,119,98,30
31259,119,98,30
31275,119,98,29
31292,119,98,29
31308,119,98,29
31324,119,98,29
31340,119,98,30
31356,119,98,31
31372,119,98,36
31388,119,98,44
31404,119,98,53
31420,119,98,62
31436,119,98,71
31453,119,98,79
31469,119,98,82
31485,119,98,81
31501,119,98,77
31517,119,98,72
31533,119,98,66
31549,119,98,59
31565,119,98,53
31581,119,98,47
31598,119,98,43
31614,119,98,40
31630,119,98,37
31646,119,98,35
31662,119,98,33
31678,119,98,32
31694,119,98,31
31710,119,98,30
31726,119,98,30
31742,119,98,29
31758,119,98,29
31775,119,98,29
31791,119,98,28
31807,119,98,28
31823,119,98,27
31839,119,98,27
31855,119,98,29
31871,119,98,35
31887,119,98,43
31903,119,98,54
31919,119,98,65
31935,119,98,77
31952,119,98,86
31968,119,98,91
31984,119,98,91
32000,119,98,88
32016,119,98,83
32032,119,98,77
32048,119,98,69
32064,119,98,61
32080,119,98,53
32096,119,98,46
32113,119,98,40
32129,119,98,36
32145,119,98,32
32161,119,98,29
32177,119,98,27
32193,119,98,25
32209,119,98,25
32225,119,98,24
32241,119,98,23
32258,119,98,22
32274,119,98,22
32290,119,98,21
32306,119,98,21
32322,119,98,20
32338,119,98,20
32354,119,98,21
32370,119,98,27
32386,119,98,35
32403,119,98,46
32419,119,98,58
32435,119,98,70
32451,119,98,81
32467,119,98,87
32483,119,98,89
32499,119,98,87
32515,118,98,83
32531,118,98,77
32547,118,98,69
32564,118,98,62
32580,118,98,54
32596,118,98,46
32612,118,98,40
32628,118,98,35
32644,118,98,30
32660,118,98,30
32676,118,98,27
32692,118,98,24
32708,118,98,23
32725,118,98,21
32741,118,98,20
32757,118,98,19
32773,118,98,18
32789,118,98,17
32805,118,98,17
32821,118,98,16
32837,118,98,16
32853,118,98,16
32869,118,98,17
32886,118,98,22
32902,118,98,30
32918,118,98,40
32934,118,98,50
32950,118,98,61
32966,118,98,70
32982,118,98,75
32998,118,98,76
33014,118,98,73
33031,118,98,67
33047,118,98,60
33063,118,98,53
33079,118,98,45
33095,118,98,39
33111,118,98,39
33127,118,98,34
33143,118,98,30
33159,118,98,27
33175,118,98,25
33192,118,98,23
33208,118,98,22
33224,118,98,21
33240,118,98,21
33256,118,98,20
33272,118,98,20
33288,118,98,19
33304,118,98,19
33320,118,98,19
33337,118,98,19
33353,118,98,18
33369,118,98,18
33385,118,98,19
33401,118,98,22
33417,118,98,30
33433,118,98,39
33449,118,98,49
33465,118,98,59
33481,118,98,69
33497,118,98,76
33514,118,98,77
33530,118,98,75
33546,117,98,71
33562,117,98,71
33578,117,98,65
33594,117,98,58
33610,117,98,51
33626,117,98,45
33642,117,98,40
33659,117,98,36
33675,117,98,33
33691,117,98,30
33707,117,98,29
33723,117,98,28
33739,117,98,27
33755,117,98,27
33771,117,98,26
33787,117,98,26
33803,117,98,26
33820,117,98,25
33836,117,98,25
33852,117,98,25
33868,117,98,25
33884,117,98,26
33900,117,98,30
33916,117,98,39
33932,117,98,49
33948,117,98,62
33964,117,98,75
33981,117,98,88
33997,117,98,96
34013,117,98,96
34029,117,98,100
34045,117,98,100
34061,117,98,98
34077,117,98,94
34093,117,98,88
34109,117,98,82
34126,117,98,76
34142,117,98,69
34158,117,98,62
34174,117,98,55
34190,117,98,49
34206,117,98,44
34222,117,98,40
34238,117,98,38
34254,117,98,35
34270,117,98,32
34287,117,98,30
34303,117,98,28
34319,117,98,26
34335,117,98,24
34351,117,98,22
34367,117,98,21
34383,117,98,21
34399,117,98,25
34415,117,98,33
34432,117,98,43
34448,117,98,56
34464,117,98,56
34480,117,98,69
34496,117,98,82
34512,117,98,90
34528,117,98,94
34544,117,98,94
34560,117,98,92
34576,118,98,89
34592,118,98,84
34609,118,98,79
34625,118,98,73
34641,118,98,66
34657,118,98,60
34673,118,98,53
34689,118,98,48
34705,118,98,43
34721,118,98,40
34737,118,98,36
34753,118,98,33
34770,118,98,31
34786,118,98,28
34802,118,98,25
34818,118,98,23
34834,118,98,21
34850,118,98,19
34866,118,98,16
34882,118,98,15
34898,118,98,13
34914,118,98,13
34931,118,98,14
34947,118,98,20
34963,118,98,30
34979,118,98,41
34995,118,98,54
35011,118,98,68
35027,118,98,79
35043,118,98,85
35059,118,98,87
35076,118,98,85
35092,117,98,82
35108,117,98,78
35124,117,98,72
35140,117,98,66
35156,117,98,60
35172,117,98,53
35188,117,98,46
35204,117,98,40
35220,117,98,36
35237,117,98,31
35253,117,98,28
35269,117,98,25
35285,117,98,22
35301,117,98,20
35317,117,98,18
35333,117,98,16
35349,117,98,14
35365,117,98,14
35381,117,98,13
35397,117,98,11
35414,117,98,10
35430,117,98,9
35446,117,98,8
35462,117,98,7
35478,117,98,7
35494,117,98,7
35510,117,98,12
35526,117,98,22
35542,117,98,33
35559,117,98,45
35575,117,98,59
35591,117,98,71
35607,117,98,78
35623,117,98,80
35639,117,98,79
35655,117,98,75
35671,117,98,69
35687,117,98,62
35703,117,98,54
35720,117,98,46
35736,117,98,39
35752,117,98,33
35768,117,98,27
35784,117,98,23
35800,117,98,20
35816,117,98,20
35832,117,98,17
35848,117,98,16
35864,117,98,15
35881,117,98,14
35897,117,98,13
35913,117,98,12
35929,117,98,12
35945,117,98,11
35961,117,98,11
35977,117,98,11
35993,117,98,11
36009,117,98,11
36025,117,98,11
36041,117,98,11
36058,117,98,13
36074,117,98,19
36090,117,98,29
36106,117,98,40
36122,117,98,53
36138,117,98,66
36154,117,98,77
36170,117,98,83
36186,117,98,84
36202,117,98,82
36219,117,98,78
36235,117,98,72
36251,117,98,72
36267,117,98,65
36283,117,98,57
36299,117,98,49
36315,117,98,43
36331,117,98,38
36347,117,98,33
36363,117,98,29
36380,117,98,27
36396,117,98,25
36412,117,98,24
36428,117,98,23
36444,117,98,22
36460,117,98,21
36476,117,98,20
36492,117,98,19
36508,117,98,19
36524,117,98,18
36541,117,98,18
36557,117,98,17
36573,117,98,17
36589,117,98,19
36605,117,98,25
36621,117,98,35
36637,117,98,46
36653,117,98,60
36669,117,98,74
36685,117,98,86
36701,117,98,86
36718,117,98,93
36734,117,98,95
36750,117,98,94
36766,116,98,91
36782,116,98,86
36798,116,98,80
36814,116,98,73
36830,116,98,66
36846,116,98,58
36862,116,98,51
36879,116,98,44
36895,116,98,39
36911,116,98,34
36927,116,98,30
36943,116,98,27
36959,116,98,24
36975,116,98,22
36991,116,98,21
37007,116,98,19
37024,116,98,18
37040,116,98,16
37056,116,98,15
37072,116,98,14
37088,116,98,13
37104,116,98,13
37120,116,98,14
37136,116,98,19
37152,116,98,19
37168,116,98,29
37185,116,98,40
37201,116,98,54
37217,116,98,68
37233,116,98,80
37249,116,98,87
37265,116,98,90
37281,116,98,89
37297,116,98,86
37313,116,98,81
37329,116,98,75
37346,116,98,68
37362,116,98,61
37378,116,98,53
37394,116,98,45
37410,116,98,40
37426,116,98,34
37442,116,98,29
37458,116,98,25
37474,116,98,22
37490,116,98,20
37506,116,98,18
37523,116,98,17
37539,116,98,16
37555,116,98,15
37571,116,98,14
37587,116,98,14
37603,116,98,13
37619,116,98,12
37635,116,98,12
37651,116,98,12
37667,116,98,11
37683,116,98,12
37700,116,98,15
37716,116,98,23
37732,116,98,33
37748,116,98,44
37764,116,98,57
37780,116,98,68
37796,116,98,77
37812,116,98,79
37828,116,98,78
37844,116,98,75
37861,116,98,69
37877,116,98,61
37893,116,98,53
37909,116,98,45
37925,116,98,38
37941,116,98,31
37957,116,98,25
37973,116,98,21
37989,116,98,18
38005,116,98,16
38022,116,98,14
38038,116,98,14
38054,116,98,13
38070,116,98,12
38086,116,98,12
38102,116,98,11
38118,116,98,11
38134,116,98,11
38150,116,98,11
38166,116,98,11
38183,116,98,11
38199,116,98,11
38215,116,98,11
38231,116,98,11
38247,116,98,12
38263,116,98,13
38279,116,98,17
38295,116,98,24
38311,116,98,34
38327,116,98,43
38344,116,98,53
38360,116,98,61
38376,116,98,66
38392,116,98,66
38408,114,98,62
38424,114,98,57
38440,114,98,51
38456,114,98,45
38472,114,98,40
38488,114,98,40
38505,114,98,35
38521,114,98,31
38537,114,98,29
38553,114,98,26
38569,114,98,25
38585,114,98,24
38601,114,98,23
38617,114,98,23
38633,114,98,22
38650,114,98,22
38666,114,98,22
38682,114,98,22
38698,114,98,22
38714,114,98,22
38730,114,98,22
38746,114,98,22
38762,114,98,22
38778,114,98,22
38794,114,98,22
38811,114,98,24
38827,114,98,30
38843,114,98,39
38859,114,98,49
38875,114,98,61
38891,114,98,72
38907,114,98,81
38923,114,98,86
38939,114,98,86
38955,114,98,86
38972,114,98,83
38988,114,98,78
39004,114,98,72
39020,114,98,65
39036,114,98,57
39052,114,98,51
39068,114,98,44
39084,114,98,40
39100,114,98,36
39116,114,98,33
39133,114,98,31
39149,114,98,29
39165,114,98,28
39181,114,98,27
39197,114,98,26
39213,114,98,26
39229,114,98,25
39245,114,98,24
39261,114,98,24
39277,114,98,23
39294,114,98,22
39310,114,98,22
39326,114,98,22
39342,114,98,24
39358,114,98,31
39374,114,98,40
39390,114,98,40
39406,114,98,53
39422,114,98,65
39438,114,98,78
39454,114,98,88
39471,114,98,92
39487,114,98,93
39503,113,98,90
39519,113,98,86
39535,113,98,79
39551,113,98,72
39567,113,98,64
39583,113,98,56
39599,113,98,48
39615,113,98,41
39631,113,98,36
39647,113,98,32
39664,113,98,28
39680,113,98,26
39696,113,98,24
39712,113,98,22
39728,113,98,21
39744,113,98,20
39760,113,98,19
39776,113,98,19
39792,113,98,18
39808,113,98,17
39824,113,98,17
39841,113,98,17
39857,113,98,16
39873,113,98,17
39889,113,98,18
39905,113,98,25
39921,113,98,35
39937,113,98,46
39953,113,98,58
39969,113,98,71
39986,113,98,81
40002,113,98,85
40018,113,98,85
40034,113,98,82
40050,113,98,77
40066,113,98,71
40082,113,98,63
40098,113,98,55
40114,113,98,48
40130,113,98,41
40147,113,98,36
40163,113,98,31
40179,113,98,27
40195,113,98,24
40211,113,98,22
40227,113,98,21
40243,113,98,20
40259,113,98,19
40275,113,98,19
40291,113,98,18
40308,113,98,17
40324,113,98,17
40340,113,98,16
40356,113,98,16
40372,113,98,15
40388,113,98,15
40404,113,98,15
40420,113,98,15
40436,113,98,17
40452,113,98,23
40469,113,98,32
40485,113,98,42
40501,113,98,53
40517,113,98,63
40533,113,98,71
40549,113,98,74
40565,113,98,72
40581,113,98,68
40597,113,98,61
40613,113,98,54
40630,113,98,46
40646,113,98,40
40662,113,98,34
40678,113,98,29
40694,113,98,26
40710,113,98,23
40726,113,98,23
40742,113,98,21
40758,113,98,20
40774,113,98,19
40791,113,98,18
40807,113,98,18
40823,113,98,18
40839,113,98,18
40855,113,98,18
40871,113,98,18
40887,113,98,18
40903,113,98,18
40919,113,98,18
40935,113,98,18
40952,113,98,18
40968,113,98,19
40984,113,98,21
41000,113,98,27
41016,113,98,35
41032,113,98,44
41048,113,98,53
41064,113,98,61
41080,113,98,67
41096,113,98,68
41113,113,98,66
41129,112,98,62
41145,112,98,56
41161,112,98,56
41177,112,98,51
41193,112,98,45
41209,112,98,40
41225,112,98,37
41241,112,98,34
41258,112,98,32
41274,112,98,30
41290,112,98,29
41306,112,98,29
41322,112,98,28
41338,112,98,28
41354,112,98,27
41370,112,98,27
41386,112,98,27
41402,112,98,27
41419,112,98,27
41435,112,98,27
41451,112,98,27
41467,112,98,27
41483,112,98,27
41499,112,98,29
41515,112,98,36
41531,112,98,45
41547,112,98,56
41564,112,98,68
41580,112,98,80
41596,112,98,89
41612,112,98,93
41628,112,98,93
41644,112,98,94
41660,112,98,92
41676,112,98,87
41692,112,98,81
41709,112,98,74
41725,112,98,66
41741,112,98,59
41757,112,98,52
41773,112,98,45
41789,112,98,40
41805,112,98,37
41821,112,98,34
41837,112,98,32
41853,112,98,31
41869,112,98,29
41885,112,98,28
41902,112,98,27
41918,112,98,26
41934,112,98,25
41950,112,98,24
41966,112,98,23
41982,112,98,22
41998,112,98,22
42014,112,98,25
42030,112,98,33
42046,112,98,42
42063,112,98,42
42079,112,98,55
42095,112,98,68
42111,112,98,80
42127,112,98,90
42143,112,98,94
42159,112,98,94
42175,112,98,92
42191,111,98,88
42207,111,98,83
42224,111,98,76
42240,111,98,69
42256,111,98,61
42272,111,98,54
42288,111,98,47
42304,111,98,41
42320,111,98,37
42336,111,98,32
42352,111,98,29
42369,111,98,27
42385,111,98,25
42401,111,98,23
42417,111,98,22
42433,111,98,20
42449,111,98,19
42465,111,98,18
42481,111,98,17
42497,111,98,16
42513,111,98,16
42530,111,98,16
42546,111,98,18
42562,111,98,25
42578,111,98,35
42594,111,98,46
42610,111,98,59
42626,111,98,72
42642,111,98,82
42658,111,98,87
42674,111,98,88
42691,112,98,85
42707,112,98,81
42723,112,98,75
42739,112,98,68
42755,112,98,60
42771,112,98,52
42787,112,98,44
42803,112,98,38
42819,112,98,32
42835,112,98,27
42851,112,98,23
42868,112,98,20
42884,112,98,19
42900,112,98,17
42916,112,98,16
42932,112,98,15
42948,112,98,15
42964,112,98,15
42980,112,98,14
42996,112,98,14
43012,112,98,13
43028,112,98,13
43045,112,98,12
43061,112,98,13
43077,112,98,16
43093,112,98,23
43109,112,98,34
43125,112,98,45
43141,112,98,57
43157,112,98,69
43173,112,98,78
43190,112,98,82
43206,112,98,82
43222,112,98,79
43238,112,98,74
43254,112,98,67
43270,112,98,60
43286,112,98,52
43302,112,98,44
43318,112,98,38
43335,112,98,33
43351,112,98,28
43367,112,98,25
43383,112,98,22
43399,112,98,21
43415,112,98,21
43431,112,98,20
43447,112,98,19
43463,112,98,18
43480,112,98,17
43496,112,98,17
43512,112,98,16
43528,112,98,16
43544,112,98,16
43560,112,98,16
43576,112,98,16
43592,112,98,20
43608,112,98,28
43624,112,98,38
43641,112,98,49
43657,112,98,62
43673,112,98,73
43689,112,98,81
43705,112,98,84
43721,112,98,84
43737,112,98,80
43753,113,98,74
43769,113,98,67
43785,113,98,59
43802,113,98,51
43818,113,98,44
43834,113,98,38
43850,113,98,32
43866,113,98,32
43882,113,98,27
43898,113,98,24
43914,113,98,22
43930,113,98,20
43946,113,98,19
43963,113,98,17
43979,113,98,17
43995,113,98,16
44011,113,98,15
44027,113,98,15
44043,113,98,14
44059,113,98,14
44075,113,98,14
44091,113,98,15
44108,113,98,20
44124,113,98,29
44140,113,98,40
44156,113,98,51
44172,113,98,62
44188,113,98,73
44204,113,98,79
44220,113,98,80
44236,113,98,79
44252,114,98,74
44269,114,98,68
44285,114,98,61
44301,114,98,54
44317,114,98,54
44333,114,98,47
44349,114,98,40
44365,114,98,36
44381,114,98,31
44397,114,98,28
44413,114,98,27
44430,114,98,25
44446,114,98,25
44462,114,98,24
44478,114,98,24
44494,114,98,23
44510,114,98,23
44526,114,98,22
44542,114,98,22
44558,114,98,22
44574,114,98,22
44590,114,98,25
44607,114,98,33
44623,114,98,43
44639,114,98,56
44655,114,98,69
44671,114,98,82
44687,114,98,92
44703,114,98,96
44719,114,98,97
44735,114,98,95
44751,114,98,95
44767,115,98,91
44784,115,98,85
44800,115,98,79
44816,115,98,72
44832,115,98,65
44848,115,98,58
44864,115,98,51
44880,115,98,44
44896,115,98,40
44912,115,98,35
44928,115,98,32
44945,115,98,29
44961,115,98,26
44977,115,98,24
44993,115,98,21
45009,115,98,19
45025,115,98,17
45041,115,98,16
45057,115,98,14
45073,115,98,14
45089,115,98,18
45106,115,98,26
45122,115,98,37
45138,115,98,49
45154,115,98,62
45170,115,98,75
45186,115,98,83
45202,115,98,83
45218,115,98,87
45234,115,98,87
45250,116,98,85
45267,116,98,80
45283,116,98,75
45299,116,98,69
45315,116,98,62
45331,116,98,55
45347,116,98,47
45363,116,98,40
45379,116,98,35
45395,116,98,30
45411,116,98,25
45427,116,98,22
45443,116,98,19
45460,116,98,18
45476,116,98,16
45492,116,98,15
45508,116,98,13
45524,116,98,12
45540,116,98,11
45556,116,98,10
45572,116,98,9
45588,116,98,9
45604,116,98,12
45620,116,98,20
45637,116,98,20
45653,116,98,30
45669,116,98,42
45685,116,98,55
45701,116,98,68
45717,116,98,77
45733,116,98,81
45749,116,98,81
45765,117,98,78
45781,117,98,73
45798,117,98,66
45814,117,98,59
45830,117,98,50
45846,117,98,42
45862,117,98,35
45878,117,98,29
45894,117,98,23
45910,117,98,19
45926,117,98,16
45942,117,98,14
45959,117,98,13
45975,117,98,12
45991,117,98,11
46007,117,98,10
46023,117,98,9
46039,117,98,9
46055,117,98,8
46071,117,98,8
46087,117,98,8
46103,117,98,8
46120,117,98,8
46136,117,98,8
46152,117,98,8
46168,117,98,8
46184,117,98,9
46200,117,98,15
46216,117,98,24
46232,117,98,36
46248,117,98,47
46264,117,98,60
46281,117,98,71
46297,117,98,77
46313,117,98,78
46329,117,98,76
46345,117,98,72
46361,117,98,66
46377,117,98,58
46393,117,98,51
46409,117,98,44
46425,117,98,39
46442,117,98,33
46458,117,98,29
46474,117,98,26
46490,117,98,24
46506,117,98,23
46522,117,98,22
46538,117,98,22
46554,117,98,21
46570,117,98,21
46586,117,98,20
46603,117,98,20
46619,117,98,20
46635,117,98,20
46651,117,98,19
46667,117,98,19
46683,117,98,19
46699,117,98,19
46715,117,98,20
46731,117,98,20
46748,117,98,24
46764,117,98,32
46780,117,98,43
46796,117,98,56
46812,117,98,69
46828,117,98,83
46844,117,98,92
46860,117,98,97
46876,117,98,97
46892,117,98,94
46908,117,98,89
46925,117,98,83
46941,117,98,76
46957,117,98,68
46973,117,98,59
46989,117,98,59
47005,117,98,51
47021,117,98,44
47037,117,98,39
47053,117,98,33
47069,117,98,29
47086,117,98,27
47102,117,98,24
47118,117,98,22
47134,117,98,21
47150,117,98,20
47166,117,98,18
47182,117,98,17
47198,117,98,17
47214,117,98,16
47230,117,98,15
47246,117,98,15
47263,117,98,14
47279,117,98,14
47295,117,98,14
47311,117,98,15
47327,117,98,21
47343,117,98,31
47359,117,98,43
47375,117,98,57
47391,117,98,70
47407,117,98,83
47424,117,98,83
47440,117,98,89
47456,117,98,91
47472,117,98,90
47488,117,98,85
47504,117,98,79
47520,117,98,72
47536,117,98,64
47552,117,98,55
47568,117,98,47
47584,117,98,40
47601,117,98,34
47617,117,98,28
47633,117,98,24
47649,117,98,21
47665,117,98,19
47681,117,98,17
47697,117,98,16
47713,117,98,15
47729,117,98,14
47745,117,98,13
47761,117,98,13
47778,117,98,12
47794,117,98,12
47810,117,98,11
47826,117,98,11
47842,117,98,11
47858,117,98,11
47874,117,98,11
47890,117,98,11
47906,117,98,11
47923,117,98,12
47939,117,98,13
47955,117,98,19
47971,117,98,28
47987,117,98,38
48003,117,98,49
48019,117,98,60
48035,117,98,69
48051,117,98,73
48067,117,98,72
48084,117,98,69
48100,117,98,63
48116,117,98,55
48132,117,98,48
48148,117,98,42
48164,117,98,37
48180,117,98,32
48196,117,98,29
48212,117,98,26
48229,117,98,24
48245,117,98,23
48261,117,98,22
48277,117,98,21
48293,117,98,20
48309,117,98,20
48325,117,98,20
48341,117,98,20
48357,117,98,19
48374,117,98,19
48390,117,98,19
48406,117,98,19
48422,117,98,19
48438,117,98,19
48454,117,98,18
48470,117,98,19
48486,117,98,19
48502,117,98,19
48518,117,98,20
48535,117,98,25
48551,117,98,33
48567,117,98,42
48583,117,98,52
48599,117,98,61
48615,117,98,70
48631,117,98,74
48647,117,98,74
48663,117,98,71
48680,117,98,66
48696,117,98,60
48712,117,98,54
48728,117,98,48
48744,117,98,43
48760,117,98,40
48776,117,98,40
48792,117,98,36
48808,117,98,34
48825,117,98,32
48841,117,98,31
48857,117,98,30
48873,117,98,29
48889,117,98,28
48905,117,98,27
48921,117,98,27
48937,117,98,26
48953,117,98,26
48969,117,98,26
48986,117,98,25
49002,117,98,25
49018,117,98,25
49034,117,98,25
49050,117,98,25
49066,117,98,27
49082,117,98,31
49098,117,98,40
49114,117,98,50
49130,117,98,63
49147,117,98,76
49163,117,98,89
49179,117,98,97
49195,117,98,100
49211,117,98,99
49227,117,98,99
49243,117,98,96
49259,117,98,91
49275,117,98,84
49291,117,98,77
49308,117,98,69
49324,117,98,61
49340,117,98,53
49356,117,98,46
49372,117,98,40
49388,117,98,37
49404,117,98,33
49420,117,98,30
49436,117,98,28
49452,117,98,26
49468,117,98,25
49484,117,98,23
49501,117,98,22
49517,117,98,21
49533,117,98,20
49549,117,98,19
49565,117,98,18
49581,117,98,17
49597,117,98,17
49613,117,98,18
49629,117,98,22
49645,117,98,30
49662,117,98,40
49678,117,98,40
49694,117,98,53
49710,117,98,66
49726,117,98,79
49742,117,98,88
49758,117,98,91
49774,117,98,91
49790,117,98,89
49807,117,98,84
49823,117,98,78
49839,117,98,70
49855,117,98,62
49871,117,98,54
49887,117,98,46
49903,117,98,40
49919,117,98,34
49935,117,98,29
49951,117,98,26
49968,117,98,23
49984,117,98,21
50000,117,98,20
50016,117,98,18
50032,117,98,17
50048,117,98,16
50064,117,98,16
50080,117,98,15
50096,117,98,14
50112,117,98,14
50129,117,98,14
50145,117,98,14
50161,117,98,13
50177,117,98,14
50193,117,98,15
50209,117,98,20
50225,117,98,29
50241,117,98,40
50257,117,98,52
50274,117,98,64
50290,117,98,76
50306,117,98,83
50322,117,98,85
50338,117,98,84
50354,117,98,80
50370,117,98,74
50386,117,98,66
50402,117,98,58
50418,117,98,50
50435,117,98,42
50451,117,98,37
50467,117,98,31
50483,117,98,27
50499,117,98,24
50515,117,98,22
50531,117,98,20
50547,117,98,19
50563,117,98,19
50579,117,98,18
50595,117,98,17
50611,117,98,16
50628,117,98,16
50644,117,98,15
50660,117,98,14
50676,117,98,14
50692,117,98,14
50708,117,98,13
50724,117,98,13
50740,117,98,13
50756,117,98,14
50772,117,98,16
50788,117,98,23
50804,117,98,32
50821,117,98,42
50837,117,98,53
50853,117,98,63
50869,117,98,71
50885,117,98,73
50901,117,98,72
50917,117,98,67
50933,117,98,61
50949,117,98,53
50965,117,98,46
50981,117,98,40
50997,117,98,40
51014,117,98,34
51030,117,98,30
51046,117,98,26
51062,117,98,24
51078,117,98,22
51094,117,98,21
51110,117,98,20
51126,117,98,19
51142,117,98,19
51158,117,98,18
51174,117,98,18
51191,117,98,18
51207,117,98,17
51223,117,98,17
51239,117,98,17
51255,117,98,17
51271,117,98,16
51287,117,98,16
51303,117,98,17
51319,117,98,17
51335,117,98,20
51352,117,98,26
51368,117,98,35
51384,117,98,43
51400,117,98,52
51416,117,98,60
51432,117,98,65
51448,117,98,65
51464,117,98,66
51480,117,98,63
51496,117,98,59
51513,117,98,54
51529,117,98,48
51545,117,98,43
51561,117,98,40
51577,117,98,37
51593,117,98,34
51609,117,98,32
51625,117,98,30
51641,117,98,29
51658,117,98,28
51674,117,98,28
51690,117,98,28
51706,117,98,27
51722,117,98,27
51738,117,98,27
51754,117,98,27
51770,117,98,26
51786,117,98,26
51802,117,98,26
51819,117,98,26
51835,117,98,26
51851,117,98,26
51867,117,98,29
51883,117,98,37
51899,117,98,37
51915,117,98,46
51931,117,98,58
51947,117,98,70
51963,117,98,81
51980,117,98,91
51996,117,98,94
52012,117,98,94
52028,117,98,92
52044,117,98,87
52060,117,98,81
52076,117,98,74
52092,117,98,67
52108,117,98,60
52124,117,98,53
52141,117,98,47
52157,117,98,43
52173,117,98,40
52189,117,98,37
52205,117,98,34
52221,117,98,33
52237,117,98,31
52253,117,98,29
52269,117,98,28
52285,117,98,26
52301,117,98,25
52318,117,98,24
52334,117,98,23
52350,117,98,23
52366,117,98,22
52382,117,98,22
52398,117,98,24
52414,117,98,31
52430,117,98,40
52446,117,98,53
52462,117,98,66
52479,117,98,80
52495,117,98,92
52511,117,98,98
52527,117,98,100
52543,117,98,99
52559,117,98,96
52575,117,98,91
52591,117,98,85
52607,117,98,78
52623,117,98,71
52640,117,98,63
52656,117,98,55
52672,117,98,49
52688,117,98,43
52704,117,98,39
52720,117,98,36
52736,117,98,33
52752,117,98,30
52768,117,98,28
52785,117,98,27
52801,117,98,27
52817,117,98,25
52833,117,98,23
52849,117,98,21
52865,117,98,19
52881,117,98,18
52897,117,98,17
52913,117,98,16
52929,117,98,20
52946,117,98,28
52962,117,98,39
52978,117,98,51
52994,117,98,65
53010,117,98,78
53026,117,98,87
53042,117,98,92
53058,117,98,93
53074,117,98,91
53090,117,98,87
53106,117,98,82
53123,117,98,76
53139,117,98,70
53155,117,98,63
53171,117,98,56
53187,117,98,49
53203,117,98,43
53219,117,98,39
53235,117,98,39
53251,117,98,35
53267,117,98,32
53284,117,98,29
53300,117,98,27
53316,117,98,24
53332,117,98,22
53348,117,98,20
53364,117,98,18
53380,117,98,15
53396,117,98,13
53412,117,98,12
53429,117,98,10
53445,117,98,9
53461,117,98,8
53477,117,98,11
53493,117,98,18
53509,117,98,28
53525,117,98,40
53541,117,98,53
53557,117,98,67
53573,117,98,77
53590,117,98,82
53606,117,98,83
53622,117,98,81
53638,116,98,77
53654,116,98,71
53670,116,98,64
53686,116,98,64
53702,116,98,56
53718,116,98,48
53734,116,98,41
53750,116,98,35
53767,116,98,29
53783,116,98,24
53799,116,98,21
53815,116,98,19
53831,116,98,17
53847,116,98,16
53863,116,98,15
53879,116,98,14
53895,116,98,13
53911,116,98,12
53928,116,98,11
53944,116,98,11
53960,116,98,10
53976,116,98,9
53992,116,98,9
54008,116,98,9
54024,116,98,10
54040,116,98,14
54056,116,98,23
54072,116,98,34
54088,116,98,46
54105,116,98,60
54121,116,98,72
54137,116,98,72
54153,116,98,81
54169,116,98,85
54185,116,98,85
54201,115,98,83
54217,115,98,78
54233,115,98,72
54249,115,98,66
54266,115,98,58
54282,115,98,51
54298,115,98,44
54314,115,98,40
54330,115,98,35
54346,115,98,32
54362,115,98,30
54378,115,98,28
54394,115,98,27
54410,115,98,26
54427,115,98,25
54443,115,98,23
54459,115,98,22
54475,115,98,21
54491,115,98,19
54507,115,98,18
54523,115,98,17
54539,115,98,17
54555,115,98,16
54572,115,98,20
54588,115,98,20
54604,115,98,27
54620,115,98,39
54636,115,98,51
54652,115,98,66
54668,115,98,80
54684,115,98,91
54700,115,98,96
54716,115,98,98
54733,115,98,97
54749,115,98,95
54765,114,98,91
54781,114,98,86
54797,114,98,80
54813,114,98,74
54829,114,98,68
54845,114,98,63
54861,114,98,58
54878,114,98,53
54894,114,98,50
54910,114,98,47
54926,114,98,44
54942,114,98,42
54958,114,98,40
54974,114,98,38
54990,114,98,35
55006,114,98,32
55023,114,98,29
55039,114,98,29
55055,114,98,26
55071,114,98,23
55087,114,98,20
55103,114,98,18
55119,114,98,21
55135,114,98,27
55151,114,98,37
55167,114,98,49
55184,114,98,62
55200,114,98,75
55216,114,98,85
55232,114,98,91
55248,114,98,93
55264,114,98,92
55280,114,98,89
55296,114,98,86
55312,113,98,81
55328,113,98,76
55345,113,98,71
55361,113,98,66
55377,113,98,61
55393,113,98,56
55409,113,98,52
55425,113,98,48
55441,113,98,45
55457,113,98,42
55473,113,98,40
55489,113,98,40
55506,113,98,38
55522,113,98,35
55538,113,98,31
55554,113,98,28
55570,113,98,25
55586,113,98,21
55602,113,98,18
55618,113,98,15
55634,113,98,12
55651,113,98,9
55667,113,98,7
55683,113,98,7
55699,113,98,13
55715,113,98,22
55731,113,98,34
55747,113,98,47
55763,113,98,62
55779,113,98,74
55795,113,98,81
55811,113,98,85
55828,113,98,85
55844,113,98,83
55860,113,98,79
55876,112,98,75
55892,112,98,70
55908,112,98,65
55924,112,98,65
55940,112,98,60
55956,112,98,54
55972,112,98,49
55988,112,98,45
56005,112,98,41
56021,112,98,39
56037,112,98,36
56053,112,98,33
56069,112,98,30
56085,112,98,27
56101,112,98,24
56117,112,98,21
56133,112,98,18
56149,112,98,15
56165,112,98,12
56182,112,98,9
56198,112,98,6
56214,112,98,4
56230,112,98,2
56246,112,98,0
56262,112,98,0
56278,112,98,0
56294,112,98,0
56310,112,98,1
56326,112,98,9
56342,112,98,21
56359,112,98,35
56375,112,98,35
56391,112,98,49
56407,112,98,63
56423,112,98,75
56439,112,98,81
56455,112,98,82
56471,112,98,81
56487,112,98,77
56504,112,98,72
56520,112,98,65
56536,112,98,58
56552,112,98,51
56568,112,98,43
56584,112,98,37
56600,112,98,31
56616,112,98,26
56632,112,98,22
56648,112,98,18
56665,112,98,16
56681,112,98,14
56697,112,98,13
56713,112,98,11
56729,112,98,10
56745,112,98,8
56761,112,98,7
56777,112,98,6
56793,112,98,5
56809,112,98,4
56825,112,98,4
56842,112,98,4
56858,112,98,4
56874,112,98,3
56890,112,98,3
56906,112,98,4
56922,112,98,4
56938,112,98,7
56954,112,98,15
56970,112,98,26
56986,112,98,38
57002,112,98,51
57019,112,98,65
57035,112,98,76
57051,112,98,82
57067,112,98,83
57083,112,98,81
57099,112,98,77
57115,112,98,71
57131,112,98,64
57147,112,98,56
57163,112,98,49
57180,112,98,41
57196,112,98,36
57212,112,98,31
57228,112,98,27
57244,112,98,25
57260,112,98,25
57276,112,98,23
57292,112,98,22
57308,112,98,21
57325,112,98,20
57341,112,98,19
57357,112,98,18
57373,112,98,17
57389,112,98,17
57405,112,98,16
57421,112,98,15
57437,112,98,15
57453,112,98,15
57470,112,98,14
57486,112,98,14
57502,112,98,15
57518,112,98,21
57534,112,98,30
57550,112,98,42
57566,112,98,57
57582,112,98,72
57598,112,98,87
57614,112,98,96
57631,112,98,101
57647,112,98,101
57663,112,98,99
57679,112,98,95
57695,110,98,65
57711,110,98,65
57727,110,98,61
57743,110,98,58
57759,110,98,55
57775,110,98,51
57792,110,98,48
57808,110,98,44
57824,110,98,42
57840,110,98,40
57856,110,98,38
57872,110,98,37
57888,110,98,35
57904,110,98,34
57920,110,98,32
57936,110,98,31
57953,110,98,30
57969,110,98,29
57985,110,98,28
58001,110,98,27
58017,110,98,26
58033,110,98,25
58049,110,98,25
58065,110,98,25
58081,110,98,27
58098,110,98,31
58114,110,98,37
58130,110,98,43
58146,110,98,50
58162,110,98,50
58178,110,98,57
58194,110,98,62
58210,110,98,65
58226,110,98,65
58242,110,98,64
58259,108,98,62
58275,108,98,59
58291,108,98,56
58307,108,98,53
58323,108,98,49
58339,108,98,46
58355,108,98,42
58371,108,98,40
58387,108,98,37
58403,108,98,35
58420,108,98,33
58436,108,98,32
58452,108,98,31
58468,108,98,30
58484,108,98,29
58500,108,98,28
58516,108,98,27
58532,108,98,26
58548,108,98,25
58564,108,98,25
58581,108,98,24
58597,108,98,24
58613,108,98,24
58629,108,98,23
58645,108,98,23
58661,108,98,23
58677,108,98,24
58693,108,98,27
58709,108,98,32
58725,108,98,39
58741,108,98,45
58758,108,98,52
58774,108,98,59
58790,108,98,62
58806,108,98,64
58822,108,98,63
58838,107,98,61
58854,107,98,59
58870,107,98,55
58886,107,98,51
58902,107,98,47
58919,107,98,43
58935,107,98,40
58951,107,98,37
58967,107,98,34
58983,107,98,31
58999,107,98,30
59015,107,98,28
59031,107,98,27
59047,107,98,27
59064,107,98,27
59080,107,98,26
59096,107,98,25
59112,107,98,25
59128,107,98,24
59144,107,98,24
59160,107,98,24
59176,107,98,23
59192,107,98,23
59208,107,98,23
59225,107,98,23
59241,107,98,23
59257,107,98,23
59273,107,98,23
59289,107,98,25
59305,107,98,28
59321,107,98,33
59337,107,98,39
59353,107,98,44
59370,107,98,50
59386,107,98,55
59402,107,98,56
59418,107,98,56
59434,106,98,54
59450,106,98,50
59466,106,98,47
59482,106,98,43
59498,106,98,40
59514,106,98,40
59531,106,98,37
59547,106,98,34
59563,106,98,32
59579,106,98,31
59595,106,98,30
59611,106,98,29
59627,106,98,28
59643,106,98,28
59659,106,98,28
59675,106,98,28
59692,106,98,27
59708,106,98,27
59724,106,98,27
59740,106,98,27
59756,106,98,27
59772,106,98,27
59788,106,98,27
59804,106,98,27
59820,106,98,27
59837,106,98,27
59853,106,98,28
59869,106,98,28
59885,106,98,31
59901,106,98,35
59917,106,98,40
59933,106,98,45
59949,106,98,50
59965,106,98,50
59981,106,98,55
59997,106,98,57
60014,106,98,57
60030,105,98,56
60046,105,98,54
60062,105,98,51
60078,105,98,48
60094,105,98,45
60110,105,98,42
60126,105,98,40
60142,105,98,38
60158,105,98,37
60175,105,98,36
60191,105,98,35
60207,105,98,35
60223,105,98,34
60239,105,98,34
60255,105,98,34
60271,105,98,33
60287,105,98,33
60303,105,98,33
60319,105,98,33
60336,105,98,33
60352,105,98,33
60368,105,98,32
60384,105,98,32
60400,105,98,32
60416,105,98,32
60432,105,98,33
60448,105,98,35
60464,105,98,39
60481,105,98,44
60497,105,98,50
60513,105,98,57
60529,105,98,64
60545,105,98,69
60561,105,98,70
60577,105,98,70
60593,105,98,69
60609,105,98,66
60625,105,98,63
60642,105,98,59
60658,105,98,55
60674,105,98,51
60690,105,98,47
60706,105,98,43
60722,105,98,40
60738,105,98,39
60754,105,98,37
60770,105,98,35
60786,105,98,34
60803,105,98,33
60819,105,98,33
60835,105,98,32
60851,105,98,32
60867,105,98,31
60883,105,98,31
60899,105,98,30
60915,105,98,30
60931,105,98,29
60948,105,98,29
60964,105,98,29
60980,105,98,29
60996,105,98,30
61012,105,98,35
61028,105,98,40
61044,105,98,46
61060,105,98,53
61076,105,98,60
61093,105,98,64
61109,105,98,67
61125,105,98,67
61141,105,98,66
61157,105,98,63
61173,105,98,60
61189,105,98,56
61205,105,98,52
61221,105,98,48
61237,105,98,44
61254,105,98,40
61270,105,98,38
61286,105,98,35
61302,105,98,35
61318,105,98,33
61334,105,98,32
61350,105,98,31
61366,105,98,30
61382,105,98,29
61398,105,98,29
61414,105,98,28
61430,105,98,28
61446,105,98,28
61463,105,98,27
61479,105,98,27
61495,105,98,27
61511,105,98,26
61527,105,98,26
61543,105,98,27
61559,105,98,30
61575,105,98,35
61591,105,98,40
61607,105,98,47
61623,105,98,54
61640,105,98,60
61656,105,98,64
61672,105,98,65
61688,105,98,64
61704,105,98,62
61720,105,98,59
61736,105,98,56
61752,105,98,56
61768,105,98,52
61785,105,98,48
61801,105,98,44
61817,105,98,40
61833,105,98,38
61849,105,98,35
61865,105,98,33
61881,105,98,31
61897,105,98,30
61913,105,98,30
61929,105,98,29
61946,105,98,28
61962,105,98,28
61978,105,98,27
61994,105,98,27
62010,105,98,27
62026,105,98,26
62042,105,98,26
62058,105,98,26
62074,105,98,26
62091,105,98,26
62107,105,98,26
62123,105,98,28
62139,105,98,32
62155,105,98,37
62171,105,98,42
62187,105,98,49
62203,105,98,49
62219,105,98,55
62235,105,98,59
62252,105,98,61
62268,105,98,60
62284,105,98,58
62300,105,98,55
62316,105,98,51
62332,105,98,47
62348,105,98,43
62364,105,98,40
62380,105,98,37
62397,105,98,34
62413,105,98,32
62429,105,98,31
62445,105,98,30
62461,105,98,30
62477,105,98,29
62493,105,98,29
62509,105,98,29
62525,105,98,28
62541,105,98,28
62558,105,98,28
62574,105,98,28
62590,105,98,28
62606,105,98,28
62622,105,98,28
62638,105,98,28
62654,105,98,28
62670,105,98,28
62686,105,98,29
62702,105,98,31
62719,105,98,35
62735,105,98,40
62751,105,98,46
62767,105,98,52
62783,105,98,57
62799,105,98,61
62815,105,98,62
62831,105,98,62
62847,105,98,60
62863,105,98,57
62880,105,98,53
62896,105,98,49
62912,105,98,45
62928,105,98,42
62944,105,98,40
62960,105,98,38
62976,105,98,36
62992,105,98,35
63008,105,98,34
63024,105,98,34
63040,105,98,33
63057,105,98,33
63073,105,98,33
63089,105,98,32
63105,105,98,32
63121,105,98,32
63137,105,98,32
63153,105,98,31
63169,105,98,31
63185,105,98,31
63201,105,98,31
63218,105,98,31
63234,105,98,32
63250,105,98,36
63266,105,98,40
63282,105,98,46
63298,105,98,54
63314,105,98,61
63330,105,98,67
63346,105,98,70
63363,105,98,71
63379,105,98,71
63395,105,98,69
63411,105,98,67
63427,105,98,64
63443,105,98,61
63459,105,98,58
63475,105,98,54
63491,105,98,51
63508,105,98,48
63524,105,98,45
63540,105,98,42
63556,105,98,42
63572,105,98,41
63588,105,98,40
63604,105,98,38
63620,105,98,37
63636,105,98,36
63652,105,98,35
63669,105,98,33
63685,105,98,32
63701,105,98,31
63717,105,98,30
63733,105,98,29
63749,105,98,28
63765,105,98,28
63781,105,98,30
63797,105,98,34
63813,105,98,40
63830,105,98,46
63846,105,98,54
63862,105,98,60
63878,105,98,64
63894,105,98,66
63910,105,98,67
63926,105,98,66
63942,105,98,64
63958,106,98,61
63974,106,98,59
63990,106,98,59
64007,106,98,56
64023,106,98,53
64039,106,98,50
64055,106,98,47
64071,106,98,44
64087,106,98,42
64103,106,98,40
64119,106,98,39
64135,106,98,37
64152,106,98,36
64168,106,98,34
64184,106,98,33
64200,106,98,32
64216,106,98,30
64232,106,98,29
64248,106,98,28
64264,106,98,27
64280,106,98,26
64296,106,98,25
64312,106,98,25
64329,106,98,25
64345,106,98,29
64361,106,98,34
64377,106,98,40
64393,106,98,47
64409,106,98,54
64425,106,98,60
64441,106,98,60
64457,106,98,63
64473,106,98,64
64489,106,98,64
64506,106,98,62
64522,106,98,60
64538,106,98,58
64554,106,98,55
64570,106,98,52
64586,106,98,49
64602,106,98,45
64618,106,98,43
64634,106,98,40
64650,106,98,39
64667,106,98,37
64683,106,98,35
64699,106,98,34
64715,106,98,33
64731,106,98,31
64747,106,98,30
64763,106,98,29
64779,106,98,27
64795,106,98,26
64811,106,98,25
64828,106,98,24
64844,106,98,23
64860,106,98,23
64876,106,98,22
64892,106,98,22
64908,106,98,22
64924,106,98,22
64940,106,98,23
64956,106,98,27
64972,106,98,33
64989,106,98,39
65005,106,98,46
65021,106,98,53
65037,106,98,58
65053,106,98,61
65069,106,98,62
65085,106,98,61
65101,106,98,59
65117,106,98,57
65133,106,98,54
65150,106,98,50
65166,106,98,46
65182,106,98,43
65198,106,98,40
65214,106,98,37
65230,106,98,35
65246,106,98,33
65262,106,98,31
65278,106,98,30
65294,106,98,30
65311,106,98,29
65327,106,98,28
65343,106,98,28
65359,106,98,27
65375,106,98,27
65391,106,98,26
65407,106,98,25
65423,106,98,25
65439,106,98,25
65456,106,98,24
65472,106,98,24
65488,106,98,24
65504,106,98,24
65520,106,98,25
65536,106,98,29
65552,106,98,34
65568,106,98,40
65584,106,98,47
65600,106,98,55
65617,106,98,61
65633,106,98,64
65649,106,98,65
65665,106,98,65
65681,106,98,63
65697,106,98,61
65713,106,98,58
65729,106,98,55
65746,106,98,52
65762,106,98,48
65778,106,98,45
65794,106,98,45
65810,106,98,42
65826,106,98,40
65842,106,98,39
65858,106,98,37
65874,106,98,36
65890,106,98,35
65907,106,98,35
65923,106,98,34
65939,106,98,33
65955,106,98,32
65971,106,98,31
65987,106,98,30
66003,106,98,29
66019,106,98,28
66035,106,98,28
66051,106,98,27
66068,106,98,27
66084,106,98,29
66100,106,98,33
66116,106,98,38
66132,106,98,44
66148,106,98,52
66164,106,98,59
66180,106,98,64
66196,106,98,68
66212,106,98,68
66228,106,98,68
66245,106,98,68
66261,106,98,66
66277,106,98,64
66293,106,98,62
66309,106,98,59
66325,106,98,56
66341,106,98,54
66357,106,98,51
66373,106,98,48
66389,106,98,46
66405,106,98,43
66422,106,98,42
66438,106,98,40
66454,106,98,40
66470,106,98,38
66486,106,98,37
66502,106,98,35
66518,106,98,34
66534,106,98,32
66550,106,98,31
66566,106,98,29
66582,106,98,28
66599,106,98,26
66615,106,98,25
66631,106,98,24
66647,106,98,25
66663,106,98,28
66679,106,98,28
66695,106,98,33
66711,106,98,39
66727,106,98,45
66743,106,98,52
66759,106,98,58
66776,106,98,62
66792,106,98,64
66808,106,98,63
66824,106,98,62
66840,106,98,60
66856,106,98,58
66872,106,98,55
66888,106,98,52
66904,106,98,49
66920,106,98,46
66936,106,98,43
66953,106,98,41
66969,106,98,40
66985,106,98,38
67001,106,98,36
67017,106,98,35
67033,106,98,34
67049,106,98,33
67065,106,98,31
67081,106,98,30
67098,106,98,29
67114,106,98,28
67130,106,98,28
67146,106,98,26
67162,106,98,25
67178,106,98,24
67194,106,98,23
67210,106,98,23
67226,106,98,22
67242,106,98,22
67259,106,98,23
67275,106,98,26
67291,106,98,32
67307,106,98,39
67323,106,98,45
67339,106,98,52
67355,106,98,58
67371,106,98,61
67387,106,98,62
67404,106,98,62
67420,106,98,60
67436,105,98,58
67452,105,98,55
67468,105,98,52
67484,105,98,49
67500,105,98,45
67516,105,98,42
67532,105,98,40
67549,105,98,37
67565,105,98,35
67581,105,98,35
67597,105,98,33
67613,105,98,31
67629,105,98,30
67645,105,98,29
67661,105,98,28
67677,105,98,27
67693,105,98,26
67709,105,98,25
67726,105,98,24
67742,105,98,23
67758,105,98,23
67774,105,98,22
67790,105,98,22
67806,105,98,22
67822,105,98,22
67838,105,98,21
67854,105,98,22
67870,105,98,23
67887,105,98,26
67903,105,98,32
67919,105,98,38
67935,105,98,44
67951,105,98,51
67967,105,98,57
67983,105,98,60
67999,105,98,61
68015,105,98,61
68031,104,98,60
68047,104,98,58
68064,104,98,55
68080,104,98,51
68096,104,98,47
68112,104,98,43
68128,104,98,40
68144,104,98,36
68160,104,98,33
68176,104,98,31
68192,104,98,30
68208,104,98,29
68224,104,98,28
68241,104,98,28
68257,104,98,27
68273,104,98,27
68289,104,98,27
68305,104,98,26
68321,104,98,26
68337,104,98,26
68353,104,98,26
68369,104,98,25
68385,104,98,25
68401,104,98,25
68418,104,98,25
68434,104,98,25
68450,104,98,26
68466,104,98,26
68482,104,98,29
68498,104,98,34
68514,104,98,40
68530,104,98,46
68546,104,98,53
68562,104,98,59
68579,104,98,63
68595,104,98,64
68611,104,98,64
68627,104,98,62
68643,104,98,60
68659,104,98,57
68675,104,98,53
68691,104,98,50
68707,104,98,46
68724,104,98,42
68740,104,98,40
68756,104,98,37
68772,104,98,36
68788,104,98,34
68804,104,98,33
68820,104,98,33
68836,104,98,32
68852,104,98,32
68869,104,98,31
68885,104,98,31
68901,104,98,30
68917,104,98,30
68933,104,98,30
68949,104,98,29
68965,104,98,29
68981,104,98,29
68997,104,98,28
69013,104,98,28
69030,104,98,29
69046,104,98,31
69062,104,98,36
69078,104,98,42
69094,104,98,49
69110,104,98,56
69126,104,98,63
69142,104,98,67
69159,104,98,69
69175,104,98,69
69191,104,98,67
69207,103,98,65
69223,103,98,62
69239,103,98,59
69255,103,98,55
69271,103,98,52
69287,103,98,48
69304,103,98,44
69320,103,98,41
69336,103,98,39
69352,103,98,37
69368,103,98,37
69384,103,98,35
69400,103,98,34
69416,103,98,32
69432,103,98,31
69448,103,98,30
69464,103,98,30
69481,103,98,29
69497,103,98,28
69513,103,98,27
69529,103,98,26
69545,103,98,26
69561,103,98,25
69577,103,98,25
69593,103,98,25
69609,103,98,27
69625,103,98,31
69641,103,98,37
69657,103,98,43
69674,103,98,50
69690,103,98,57
69706,103,98,62
69722,103,98,64
69738,103,98,64
69754,103,98,63
69770,103,98,61
69786,103,98,58
69802,103,98,58
69818,103,98,54
69834,103,98,51
69851,103,98,47
69867,103,98,43
69883,103,98,40
69899,103,98,37
69915,103,98,34
69931,103,98,32
69947,103,98,30
69963,103,98,29
69979,103,98,28
69995,103,98,28
70012,103,98,27
70028,103,98,27
70044,103,98,26
70060,103,98,26
70076,103,98,26
70092,103,98,25
70108,103,98,25
70124,103,98,25
70140,103,98,24
70156,103,98,24
70173,103,98,24
70189,103,98,26
70205,103,98,30
70221,103,98,35
70237,103,98,41
70253,103,98,41
70269,103,98,47
70285,103,98,54
70301,103,98,59
70317,103,98,61
70334,103,98,61
70350,103,98,59
70366,103,98,56
70382,103,98,53
70398,103,98,49
70414,103,98,44
70430,103,98,40
70446,103,98,37
70462,103,98,34
70478,103,98,32
70495,103,98,30
70511,103,98,28
70527,103,98,27
70543,103,98,27
70559,103,98,26
70575,103,98,26
70591,103,98,26
70607,103,98,26
70623,103,98,25
70639,103,98,25
70655,103,98,25
70672,103,98,25
70688,103,98,25
70704,103,98,25
70720,103,98,25
70736,103,98,25
70752,103,98,24
70768,103,98,25
70784,103,98,25
70800,103,98,26
70816,103,98,30
70832,103,98,35
70849,103,98,40
70865,103,98,46
70881,103,98,51
70897,103,98,55
70913,103,98,56
70929,103,98,55
70945,103,98,53
70961,103,98,50
70977,103,98,46
70994,103,98,43
71010,103,98,40
71026,103,98,38
71042,103,98,36
71058,103,98,34
71074,103,98,33
71090,103,98,32
71106,103,98,32
71122,103,98,32
71138,103,98,31
71155,103,98,31
71171,103,98,31
71187,103,98,31
71203,103,98,31
71219,103,98,31
71235,103,98,31
71251,103,98,31
71267,103,98,30
71283,103,98,30
71299,103,98,30
71316,103,98,30
71332,103,98,30
71348,103,98,31
71364,103,98,32
71380,103,98,37
71396,103,98,41
71412,103,98,47
71428,103,98,54
71444,103,98,60
71460,103,98,64
71477,103,98,66
71493,103,98,66
71509,103,98,64
71525,103,98,62
71541,103,98,59
71557,103,98,55
71573,103,98,51
71589,103,98,51
71605,103,98,48
71622,103,98,44
71638,103,98,41
71654,103,98,40
71670,103,98,38
71686,103,98,37
71702,103,98,36
71718,103,98,35
71734,103,98,35
71750,103,98,35
71766,103,98,34
71782,103,98,34
71798,103,98,33
71815,103,98,33
71831,103,98,32
71847,103,98,32
71863,103,98,32
71879,103,98,31
71895,103,98,32
71911,103,98,34
71927,103,98,38
71943,103,98,43
71960,103,98,49
71976,103,98,56
71992,103,98,63
72008,103,98,68
72024,103,98,70
72040,103,98,70
72056,103,98,70
72072,103,98,69
72088,103,98,67
72105,103,98,64
72121,103,98,61
72137,103,98,58
72153,103,98,54
72169,103,98,50
72185,103,98,47
72201,103,98,43
72217,103,98,41
72233,103,98,40
72249,103,98,38
72266,103,98,36
72282,103,98,35
72298,103,98,34
72314,103,98,33
72330,103,98,32
72346,103,98,31
72362,103,98,30
72378,103,98,30
72394,103,98,29
72410,103,98,28
72426,103,98,28
72443,103,98,27
72459,103,98,28
72475,103,98,31
72491,103,98,31
72507,103,98,36
72523,103,98,41
72539,103,98,48
72555,103,98,55
72571,103,98,62
72587,103,98,65
72604,103,98,66
72620,103,98,66
72636,104,98,64
72652,104,98,62
72668,104,98,59
72684,104,98,56
72700,104,98,53
72716,104,98,50
72732,104,98,46
72748,104,98,43
72764,104,98,40
72780,104,98,39
72797,104,98,37
72813,104,98,35
72829,104,98,34
72845,104,98,33
72861,104,98,32
72877,104,98,31
72893,104,98,30
72909,104,98,29
72925,104,98,29
72941,104,98,28
72957,104,98,27
72974,104,98,26
72990,104,98,26
73006,104,98,25
73022,104,98,25
73038,104,98,25
73054,104,98,26
73070,104,98,31
73086,104,98,37
73102,104,98,42
73119,104,98,49
73135,104,98,56
73151,104,98,60
73167,104,98,62
73183,104,98,62
73199,104,98,61
73215,104,98,59
73231,104,98,56
73247,104,98,52
73263,104,98,49
73280,104,98,45
73296,104,98,41
73312,104,98,39
73328,104,98,36
73344,104,98,34
73360,104,98,32
73376,104,98,32
73392,104,98,31
73408,104,98,31
73425,104,98,30
73441,104,98,29
73457,104,98,29
73473,104,98,28
73489,104,98,27
73505,104,98,27
73521,104,98,26
73537,104,98,26
73553,104,98,25
73570,104,98,25
73586,104,98,25
73602,104,98,24
73618,104,98,25
73634,104,98,27
73650,104,98,31
73666,104,98,37
73682,104,98,43
73698,104,98,50
73714,104,98,56
73731,104,98,60
73747,104,98,62
73763,104,98,62
73779,104,98,60
73795,105,98,58
73811,105,98,55
73827,105,98,55
73843,105,98,51
73859,105,98,47
73875,105,98,44
73892,105,98,40
73908,105,98,38
73924,105,98,36
73940,105,98,35
73956,105,98,33
73972,105,98,33
73988,105,98,32
74004,105,98,32
74020,105,98,31
74037,105,98,31
74053,105,98,30
74069,105,98,29
74085,105,98,29
74101,105,98,28
74117,105,98,28
74133,105,98,27
74149,105,98,27
74165,105,98,27
74182,105,98,28
74198,105,98,32
74214,105,98,37
74230,105,98,43
74246,105,98,50
74262,105,98,57
74278,105,98,63
74294,105,98,63
74310,105,98,66
74327,105,98,67
74343,105,98,66
74359,105,98,65
74375,105,98,63
74391,105,98,60
74407,105,98,57
74423,105,98,54
74439,105,98,51
74455,105,98,47
74472,105,98,44
74488,105,98,42
74504,105,98,40
74520,105,98,40
74536,105,98,38
74552,105,98,37
74568,105,98,36
74584,105,98,35
74600,105,98,34
74616,105,98,33
74632,105,98,32
74649,105,98,31
74665,105,98,30
74681,105,98,29
74697,105,98,28
74713,105,98,28
74729,105,98,30
74745,105,98,30
74761,105,98,33
74777,105,98,39
74794,105,98,45
74810,105,98,52
74826,105,98,58
74842,105,98,63
74858,105,98,66
74874,105,98,66
74890,105,98,66
74906,106,98,64
74922,106,98,63
74938,106,98,60
74955,106,98,58
74971,106,98,56
74987,106,98,53
75003,106,98,51
75019,106,98,48
75035,106,98,47
75051,106,98,45
75067,106,98,44
75083,106,98,43
75100,106,98,42
75116,106,98,41
75132,106,98,40
75148,106,98,39
75164,106,98,38
75180,106,98,36
75196,106,98,36
75212,106,98,34
75228,106,98,33
75244,106,98,31
75261,106,98,30
75277,106,98,29
75293,106,98,30
75309,106,98,33
75325,106,98,38
75341,106,98,43
75357,106,98,50
75373,106,98,56
75389,106,98,60
75405,106,98,62
75422,106,98,63
75438,106,98,62
75454,106,98,61
75470,106,98,59
75486,106,98,56
75502,106,98,54
75518,106,98,51
75534,106,98,49
75550,106,98,46
75566,106,98,44
75583,106,98,43
75599,106,98,41
75615,106,98,40
75631,106,98,40
75647,106,98,40
75663,106,98,39
75679,106,98,38
75695,106,98,37
75711,106,98,36
75727,106,98,35
75744,106,98,33
75760,106,98,32
75776,106,98,30
75792,106,98,29
75808,106,98,27
75824,106,98,26
75840,106,98,24
75856,106,98,24
75872,106,98,25
75888,106,98,29
75904,106,98,35
75920,106,98,40
75937,106,98,47
75953,106,98,54
75969,106,98,59
75985,106,98,61
76001,106,98,61
76017,106,98,61
76033,106,98,59
76049,106,98,57
76065,106,98,55
76081,106,98,55
76098,106,98,53
76114,106,98,50
76130,106,98,48
76146,106,98,45
76162,106,98,43
76178,106,98,42
76194,106,98,40
76210,106,98,40
76226,106,98,39
76243,106,98,39
76259,106,98,38
76275,106,98,37
76291,106,98,35
76307,106,98,34
76323,106,98,32
76339,106,98,31
76355,106,98,29
76371,106,98,27
76387,106,98,25
76404,106,98,24
76420,106,98,23
76436,106,98,22
76452,106,98,21
76468,106,98,20
76484,106,98,20
76500,106,98,22
76516,106,98,27
76532,106,98,27
76548,106,98,33
76565,106,98,40
76581,106,98,47
76597,106,98,54
76613,106,98,59
76629,106,98,61
76645,106,98,62
76661,106,98,61
76677,106,98,59
76693,106,98,57
76710,106,98,54
76726,106,98,51
76742,106,98,48
76758,106,98,45
76774,106,98,43
76790,106,98,41
76806,106,98,40
76822,106,98,38
76838,106,98,37
76854,106,98,36
76870,106,98,35
76887,106,98,34
76903,106,98,33
76919,106,98,31
76935,106,98,30
76951,106,98,28
76967,106,98,28
76983,106,98,27
76999,106,98,26
77015,106,98,24
77031,106,98,23
77047,106,98,22
77063,106,98,21
77079,106,98,21
77096,106,98,20
77112,106,98,20
77128,106,98,20
77144,106,98,20
77160,106,98,22
77176,106,98,26
77192,106,98,32
77208,106,98,40
77224,106,98,46
77240,106,98,54
77257,106,98,59
77273,106,98,62
77289,106,98,62
77305,106,98,61
77321,106,98,59
77337,106,98,56
77353,106,98,53
77369,106,98,49
77385,106,98,46
77401,106,98,42
77418,106,98,42
77434,106,98,40
77450,106,98,37
77466,106,98,35
77482,106,98,33
77498,106,98,32
77514,106,98,31
77530,106,98,30
77546,106,98,29
77563,106,98,28
77579,106,98,27
77595,106,98,27
77611,106,98,26
77627,106,98,25
77643,106,98,24
77659,106,98,24
77675,106,98,23
77691,106,98,23
77707,106,98,23
77724,106,98,22
77740,106,98,22
77756,106,98,22
77772,106,98,23
77788,106,98,26
77804,106,98,30
77820,106,98,36
77836,106,98,42
77852,106,98,49
77868,106,98,49
77885,106,98,56
77901,106,98,60
77917,106,98,61
77933,106,98,60
77949,106,98,59
77965,106,98,56
77981,106,98,52
77997,106,98,48
78013,106,98,44
78029,106,98,40
78046,106,98,38
78062,106,98,35
78078,106,98,33
78094,106,98,31
78110,106,98,30
78126,106,98,29
78142,106,98,29
78158,106,98,28
78174,106,98,28
78190,106,98,28
78207,106,98,28
78223,106,98,27
78239,106,98,27
78255,106,98,27
78271,106,98,27
78287,106,98,27
78303,106,98,26
78319,106,98,26
78336,106,98,26
78352,106,98,26
78368,106,98,27
78384,106,98,28
78400,106,98,32
78416,106,98,38
78432,106,98,43
78448,106,98,51
78464,106,98,58
78480,106,98,64
78497,106,98,67
78513,106,98,68
78529,106,98,67
78545,106,98,65
78561,106,98,62
78577,106,98,59
78593,106,98,56
78609,106,98,52
78625,106,98,48
78642,106,98,45
78658,106,98,41
78674,106,98,40
78690,106,98,37
78706,106,98,36
78722,106,98,34
78738,106,98,33
78754,106,98,33
78770,106,98,33
78786,106,98,32
78802,106,98,31
78818,106,98,30
78835,106,98,30
78851,106,98,29
78867,106,98,28
78883,106,98,28
78899,106,98,27
78915,106,98,27
78931,106,98,27
78947,106,98,27
78963,106,98,29
78979,106,98,34
78995,106,98,40
79011,106,98,46
79028,106,98,53
79044,106,98,60
79060,106,98,65
79076,106,98,67
79092,106,98,67
79108,106,98,65
79124,105,98,63
79140,105,98,61
79156,105,98,58
79172,105,98,54
79188,105,98,51
79204,105,98,51
79221,105,98,47
79237,105,98,43
79253,105,98,40
79269,105,98,38
79285,105,98,36
79301,105,98,34
79317,105,98,33
79333,105,98,31
79349,105,98,31
79365,105,98,30
79381,105,98,29
79397,105,98,28
79414,105,98,27
79430,105,98,27
79446,105,98,26
79462,105,98,26
79478,105,98,25
79494,105,98,25
79510,105,98,24
79526,105,98,25
79542,105,98,28
79558,105,98,34
79574,105,98,40
79590,105,98,47
79607,105,98,54
79623,105,98,60
79639,105,98,60
79655,105,98,64
79671,105,98,65
79687,105,98,64
79703,105,98,63
79719,105,98,61
79735,105,98,58
79751,105,98,55
79767,105,98,52
79783,105,98,48
79800,105,98,45
79816,105,98,41
79832,105,98,39
79848,105,98,36
79864,105,98,34
79880,105,98,33
79896,105,98,31
79912,105,98,30
79928,105,98,29
79944,105,98,29
79960,105,98,28
79976,105,98,27
79993,105,98,26
80009,105,98,25
80025,105,98,25
80041,105,98,24
80057,105,98,24
80073,105,98,24
80089,105,98,24
80105,105,98,24
80121,105,98,24
80138,105,98,26
80154,105,98,31
80170,105,98,37
80186,105,98,43
80202,105,98,50
80218,105,98,57
80234,105,98,61
80250,105,98,63
80266,105,98,63
80283,105,98,61
80299,105,98,59
80315,105,98,55
80331,105,98,52
80347,105,98,48
80363,105,98,44
80379,105,98,40
80395,105,98,37
80411,105,98,35
80428,105,98,32
80444,105,98,31
80460,105,98,29
80476,105,98,29
80492,105,98,28
80508,105,98,28
80524,105,98,28
80540,105,98,27
80556,105,98,27
80572,105,98,26
80589,105,98,26
80605,105,98,25
80621,105,98,25
80637,105,98,25
80653,105,98,24
80669,105,98,24
80685,105,98,24
80701,105,98,24
80717,105,98,24
80733,105,98,27
80750,105,98,31
80766,105,98,37
80782,105,98,43
80798,105,98,49
80814,105,98,56
80830,105,98,60
80846,105,98,61
80862,105,98,60
80878,104,98,58
80894,104,98,55
80911,104,98,51
80927,104,98,47
80943,104,98,43
80959,104,98,40
80975,104,98,40
80991,104,98,36
81007,104,98,34
81023,104,98,32
81039,104,98,30
81056,104,98,29
81072,104,98,29
81088,104,98,28
81104,104,98,28
81120,104,98,27
81136,104,98,27
81152,104,98,27
81168,104,98,26
81184,104,98,26
81200,104,98,26
81217,104,98,26
81233,104,98,26
81249,104,98,26
81265,104,98,26
81281,104,98,26
81297,104,98,26
81313,104,98,28
81329,104,98,32
81345,104,98,37
81361,104,98,41
81378,104,98,47
81394,104,98,53
81410,104,98,58
81426,104,98,58
81442,104,98,59
81458,104,98,59
81474,104,98,57
81490,104,98,54
81506,104,98,50
81523,104,98,47
81539,104,98,43
81555,104,98,40
81571,104,98,38
81587,104,98,36
81603,104,98,34
81619,104,98,33
81635,104,98,32
81651,104,98,32
81667,104,98,31
81684,104,98,31
81700,104,98,31
81716,104,98,30
81732,104,98,30
81748,104,98,30
81764,104,98,30
81780,104,98,30
81796,104,98,30
81812,104,98,29
81828,104,98,29
81844,104,98,29
81860,104,98,30
81876,104,98,30
81893,104,98,32
81909,104,98,36
81925,104,98,40
81941,104,98,47
81957,104,98,54
81973,104,98,60
81989,104,98,65
82005,104,98,67
82021,104,98,67
82037,104,98,66
82054,104,98,63
82070,104,98,60
82086,104,98,56
82102,104,98,52
82118,104,98,49
82134,104,98,45
82150,104,98,42
82166,104,98,40
82182,104,98,38
82198,104,98,37
82214,104,98,36
82230,104,98,35
82247,104,98,35
82263,104,98,34
82279,104,98,34
82295,104,98,33
82311,104,98,33
82327,104,98,32
82343,104,98,32
82359,104,98,31
82375,104,98,31
82391,104,98,30
82408,104,98,30
82424,104,98,30
82440,104,98,32
82456,104,98,36
82472,104,98,41
82488,104,98,48
82504,104,98,55
82520,104,98,62
82536,104,98,67
82552,104,98,70
82569,104,98,70
82585,104,98,69
82601,104,98,67
82617,103,98,65
82633,103,98,62
82649,103,98,59
82665,103,98,56
82681,103,98,52
82697,103,98,49
82714,103,98,46
82730,103,98,43
82746,103,98,41
82762,103,98,41
82778,103,98,40
82794,103,98,39
82810,103,98,38
82826,103,98,36
82842,103,98,35
82858,103,98,34
82874,103,98,33
82891,103,98,32
82907,103,98,31
82923,103,98,30
82939,103,98,29
82955,103,98,28
82971,103,98,28
82987,103,98,29
83003,103,98,33
83019,103,98,39
83035,103,98,45
83052,103,98,52
83068,103,98,59
83084,103,98,64
83100,103,98,67
83116,103,98,68
83132,103,98,67
83148,103,98,65
83164,104,98,63
83180,104,98,61
83197,104,98,58
83213,104,98,58
83229,104,98,56
83245,104,98,53
83261,104,98,50
83277,104,98,48
83293,104,98,46
83309,104,98,44
83325,104,98,42
83342,104,98,41
83358,104,98,40
83374,104,98,39
83390,104,98,38
83406,104,98,37
83422,104,98,35
83438,104,98,34
83454,104,98,32
83470,104,98,31
83487,104,98,29
83503,104,98,28
83519,104,98,26
83535,104,98,25
83551,104,98,26
83567,104,98,29
83583,104,98,34
83599,104,98,40
83615,104,98,46
83631,104,98,53
83647,104,98,59
83664,104,98,59
83680,104,98,63
83696,104,98,64
83712,104,98,64
83728,104,98,63
83744,104,98,61
83760,104,98,59
83776,104,98,57
83792,104,98,54
83808,104,98,52
83825,104,98,49
83841,104,98,47
83857,104,98,45
83873,104,98,43
83889,104,98,42
83905,104,98,41
83921,104,98,40
83937,104,98,40
83953,104,98,39
83969,104,98,38
83986,104,98,37
84002,104,98,35
84018,104,98,33
84034,104,98,32
84050,104,98,30
84066,104,98,28
84082,104,98,27
84098,104,98,25
84114,104,98,25
84131,104,98,24
84147,104,98,23
84163,104,98,22
84179,104,98,23
84195,104,98,26
84211,104,98,32
84227,104,98,38
84243,104,98,45
84259,104,98,52
84275,104,98,58
84291,104,98,61
84308,104,98,63
84324,104,98,62
84340,104,98,61
84356,104,98,59
84372,104,98,57
84388,104,98,55
84404,104,98,52
84420,104,98,49
84436,104,98,47
84452,104,98,44
84469,104,98,42
84485,104,98,40
84501,104,98,40
84517,104,98,39
84533,104,98,38
84549,104,98,37
84565,104,98,37
84581,104,98,35
84597,104,98,34
84614,104,98,32
84630,104,98,31
84646,104,98,29
84662,104,98,28
84678,104,98,26
84694,104,98,25
84710,104,98,24
84726,104,98,23
84742,104,98,22
84759,104,98,21
84775,104,98,21
84791,104,98,20
84807,104,98,20
84823,104,98,21
84839,104,98,24
84855,104,98,29
84871,104,98,36
84887,104,98,42
84903,104,98,50
84919,104,98,57
84935,104,98,61
84951,104,98,63
84968,104,98,62
84984,104,98,61
85000,104,98,61
85016,104,98,59
85032,104,98,56
85048,104,98,54
85064,104,98,50
85080,104,98,47
85096,104,98,44
85112,104,98,42
85128,104,98,40
85144,104,98,38
85160,104,98,37
85176,104,98,36
85193,104,98,35
85209,104,98,34
85225,104,98,33
85241,104,98,32
85257,104,98,31
85273,104,98,29
85289,104,98,28
85305,104,98,27
85321,104,98,26
85337,104,98,25
85353,104,98,24
85369,104,98,24
85386,104,98,23
85402,104,98,23
85418,104,98,22
85434,104,98,22
85450,104,98,23
85466,104,98,26
85482,104,98,31
85498,104,98,38
85514,104,98,44
85530,104,98,52
85546,104,98,59
85563,104,98,63
85579,104,98,65
85595,104,98,65
85611,104,98,64
85627,103,98,62
85643,103,98,60
85659,103,98,57
85675,103,98,54
85691,103,98,51
85708,103,98,48
85724,103,98,46
85740,103,98,43
85756,103,98,41
85772,103,98,40
85788,103,98,40
85804,103,98,39
85820,103,98,38
85836,103,98,37
85852,103,98,36
85869,103,98,35
85885,103,98,35
85901,103,98,33
85917,103,98,32
85933,103,98,30
85949,103,98,29
85965,103,98,28
85981,103,98,27
85997,103,98,26
86013,103,98,25
86029,103,98,24
86045,103,98,25
86062,103,98,29
86078,103,98,34
86094,103,98,40
86110,103,98,47
86126,103,98,54
86142,103,98,60
86158,103,98,64
86174,103,98,65
86190,103,98,65
86206,103,98,64
86223,103,98,62
86239,102,98,60
86255,102,98,58
86271,102,98,55
86287,102,98,53
86303,102,98,50
86319,102,98,50
86335,102,98,48
86351,102,98,45
86367,102,98,43
86384,102,98,41
86400,102,98,40
86416,102,98,40
86432,102,98,38
86448,102,98,37
86464,102,98,36
86480,102,98,34
86496,102,98,33
86512,102,98,31
86529,102,98,29
86545,102,98,28
86561,102,98,26
86577,102,98,25
86593,102,98,24
86609,102,98,23
86625,102,98,22
86641,102,98,22
86657,102,98,25
86673,102,98,30
86690,102,98,36
86706,102,98,42
86722,102,98,50
86738,102,98,57
86754,102,98,61
86770,102,98,61
86786,102,98,63
86802,102,98,63
86818,102,98,63
86834,102,98,61
86851,102,98,59
86867,102,98,57
86883,102,98,55
86899,102,98,52
86915,102,98,49
86931,102,98,47
86947,102,98,45
86963,102,98,43
86979,102,98,41
86995,102,98,40
87011,102,98,39
87027,102,98,38
87044,102,98,37
87060,102,98,36
87076,102,98,34
87092,102,98,33
87108,102,98,31
87124,102,98,30
87140,102,98,28
87156,102,98,26
87172,102,98,25
87189,102,98,24
87205,102,98,23
87221,102,98,23
87237,102,98,22
87253,102,98,21
87269,102,98,20
87285,102,98,21
87301,102,98,23
87317,102,98,28
87333,102,98,34
87350,102,98,41
87366,102,98,48
87382,102,98,56
87398,102,98,61
87414,102,98,63
87430,102,98,63
87446,102,98,63
87462,102,98,61
87478,101,98,59
87495,101,98,56
87511,101,98,54
87527,101,98,51
87543,101,98,48
87559,101,98,45
87575,101,98,43
87591,101,98,41
87607,101,98,40
87623,101,98,38
87639,101,98,37
87656,101,98,36
87672,101,98,36
87688,101,98,35
87704,101,98,34
87720,101,98,32
87736,101,98,31
87752,101,98,29
87768,101,98,28
87784,101,98,27
87801,101,98,25
87817,101,98,24
87833,101,98,23
87849,101,98,22
87865,101,98,22
87881,101,98,21
87897,101,98,21
87913,101,98,20
87929,101,98,20
87945,101,98,21
87962,101,98,25
87978,101,98,31
87994,101,98,38
88010,101,98,45
88026,101,98,53
88042,101,98,59
88058,101,98,62
88074,101,98,64
88090,101,98,63
88106,101,98,61
88123,101,98,61
88139,100,98,59
88155,100,98,56
88171,100,98,53
88187,100,98,50
88203,100,98,47
88219,100,98,44
88235,100,98,41
88251,100,98,39
88268,100,98,37
88284,100,98,36
88300,100,98,34
88316,100,98,33
88332,100,98,32
88348,100,98,31
88364,100,98,30
88380,100,98,29
88396,100,98,28
88412,100,98,27
88429,100,98,26
88445,100,98,25
88461,100,98,24
88477,100,98,23
88493,100,98,23
88509,100,98,22
88525,100,98,22
88541,100,98,21
88557,100,98,21
88573,100,98,21
88589,100,98,21
88606,100,98,21
88622,100,98,24
88638,100,98,28
88654,100,98,35
88670,100,98,41
88686,100,98,49
88702,100,98,56
88718,100,98,61
88734,100,98,63
88751,100,98,64
88767,98,98,62
88783,98,98,60
88799,98,98,57
88815,98,98,53
88831,98,98,49
88847,98,98,45
88863,98,98,41
88879,98,98,38
88895,98,98,35
88912,98,98,33
88928,98,98,31
88944,98,98,30
88960,98,98,29
88976,98,98,28
88992,98,98,28
89008,98,98,27
89024,98,98,27
89040,98,98,26
89056,98,98,26
89073,98,98,25
89089,98,98,25
89105,98,98,24
89121,98,98,24
89137,98,98,24
89153,98,98,24
89169,98,98,23
89185,98,98,23
89201,98,98,23
89217,98,98,23
89234,98,98,24
89250,98,98,26
89266,98,98,31
89282,98,98,36
89298,98,98,42
89314,98,98,49
89330,98,98,55
89346,98,98,60
89362,98,98,62
89378,98,98,62
89394,98,98,60
89411,97,98,57
89427,97,98,54
89443,97,98,49
89459,97,98,45
89475,97,98,45
89491,97,98,41
89507,97,98,39
89523,97,98,36
89539,97,98,33
89556,97,98,32
89572,97,98,31
89588,97,98,30
89604,97,98,29
89620,97,98,29
89636,97,98,28
89652,97,98,28
89668,97,98,28
89684,97,98,28
89700,97,98,27
89717,97,98,27
89733,97,98,27
89749,97,98,27
89765,97,98,27
89781,97,98,26
89797,97,98,26
89813,97,98,27
89829,97,98,27
89845,97,98,31
89861,97,98,36
89878,97,98,41
89894,97,98,48
89910,97,98,48
89926,97,98,56
89942,97,98,62
89958,97,98,66
89974,97,98,67
89990,97,98,67
90006,97,98,65
90023,97,98,62
90039,97,98,59
90055,97,98,55
90071,97,98,51
90087,97,98,47
90103,97,98,43
90119,97,98,40
90135,97,98,38
90151,97,98,36
90167,97,98,34
90183,97,98,33
90200,97,98,33
90216,97,98,32
90232,97,98,31
90248,97,98,31
90264,97,98,30
90280,97,98,30
90296,97,98,29
90312,97,98,29
90328,97,98,28
90344,97,98,28
90360,97,98,28
90376,97,98,28
90392,97,98,27
90409,97,98,28
90425,97,98,30
90441,97,98,34
90457,97,98,40
90473,97,98,46
90489,97,98,54
90505,97,98,61
90521,97,98,66
90537,97,98,69
90554,97,98,70
90570,97,98,69
90586,97,98,67
90602,97,98,64
90618,97,98,61
90634,97,98,58
90650,97,98,54
90666,97,98,51
90682,97,98,47
90698,97,98,43
90715,97,98,41
90731,97,98,39
90747,97,98,37
90763,97,98,36
90779,97,98,35
90795,97,98,34
90811,97,98,34
90827,97,98,33
90843,97,98,32
90859,97,98,31
90876,97,98,30
90892,97,98,29
90908,97,98,28
90924,97,98,27
90940,97,98,26
90956,97,98,26
90972,97,98,26
90988,97,98,28
91004,97,98,33
91020,97,98,39
91037,97,98,45
91053,97,98,53
91069,97,98,60
91085,97,98,65
91101,97,98,67
91117,97,98,67
91133,97,98,66
91149,97,98,64
91165,98,98,62
91181,98,98,59
91198,98,98,56
91214,98,98,53
91230,98,98,50
91246,98,98,50
91262,98,98,47
91278,98,98,44
91294,98,98,41
91310,98,98,40
91326,98,98,38
91343,98,98,37
91359,98,98,36
91375,98,98,35
91391,98,98,34
91407,98,98,32
91423,98,98,31
91439,98,98,30
91455,98,98,29
91471,98,98,28
91487,98,98,27
91503,98,98,26
91519,98,98,25
91536,98,98,25
91552,98,98,27
91568,98,98,32
91584,98,98,38
91600,98,98,44
91616,98,98,52
91632,98,98,58
91648,98,98,63
91664,98,98,65
91681,98,98,65
91697,98,98,65
91713,98,98,64
91729,99,98,62
91745,99,98,60
91761,99,98,58
91777,99,98,55
91793,99,98,52
91809,99,98,49
91825,99,98,46
91842,99,98,44
91858,99,98,42
91874,99,98,40
91890,99,98,40
91906,99,98,38
91922,99,98,37
91938,99,98,36
91954,99,98,35
91970,99,98,34
91986,99,98,33
92002,99,98,31
92019,99,98,30
92035,99,98,29
92051,99,98,27
92067,99,98,26
92083,99,98,25
92099,99,98,24
92115,99,98,23
92131,99,98,24
92147,99,98,24
92163,99,98,28
92179,99,98,34
92195,99,98,40
92212,99,98,47
92228,99,98,54
92244,99,98,59
92260,99,98,62
92276,99,98,63
92292,99,98,62
92308,99,98,60
92324,99,98,58
92340,99,98,55
92356,99,98,52
92372,99,98,49
92388,99,98,46
92405,99,98,43
92421,99,98,41
92437,99,98,39
92453,99,98,38
92469,99,98,36
92485,99,98,35
92501,99,98,34
92517,99,98,33
92533,99,98,32
92549,99,98,31
92565,99,98,30
92582,99,98,30
92598,99,98,28
92614,99,98,27
92630,99,98,26
92646,99,98,25
92662,99,98,24
92678,99,98,23
92694,99,98,22
92710,99,98,22
92726,99,98,22
92743,99,98,25
92759,99,98,29
92775,99,98,35
92791,99,98,41
92807,99,98,49
92823,99,98,55
92839,99,98,59
92855,99,98,61
92871,99,98,61
92888,99,98,60
92904,100,98,58
92920,100,98,55
92936,100,98,52
92952,100,98,49
92968,100,98,45
92984,100,98,42
93000,100,98,40
93016,100,98,37
93032,100,98,37
93048,100,98,35
93065,100,98,34
93081,100,98,33
93097,100,98,32
93113,100,98,31
93129,100,98,31
93145,100,98,30
93161,100,98,29
93177,100,98,28
93193,100,98,27
93209,100,98,26
93225,100,98,25
93241,100,98,25
93258,100,98,24
93274,100,98,23
93290,100,98,23
93306,100,98,24
93322,100,98,28
93338,100,98,33
93354,100,98,40
93370,100,98,47
93386,100,98,54
93403,100,98,60
93419,100,98,64
93435,100,98,65
93451,100,98,65
93467,100,98,65
93483,101,98,64
93499,101,98,62
93515,101,98,59
93531,101,98,56
93547,101,98,54
93564,101,98,50
93580,101,98,47
93596,101,98,44
93612,101,98,42
93628,101,98,40
93644,101,98,39
93660,101,98,38
93676,101,98,37
93692,101,98,36
93708,101,98,35
93725,101,98,33
93741,101,98,32
93757,101,98,31
93773,101,98,29
93789,101,98,28
93805,101,98,27
93821,101,98,25
93837,101,98,24
93853,101,98,24
93869,101,98,24
93886,101,98,27
93902,101,98,32
93918,101,98,32
93934,101,98,38
93950,101,98,44
93966,101,98,51
93982,101,98,57
93998,101,98,61
94014,101,98,63
94031,101,98,63
94047,101,98,62
94063,102,98,61
94079,102,98,59
94095,102,98,57
94111,102,98,54
94127,102,98,52
94143,102,98,49
94159,102,98,46
94175,102,98,44
94191,102,98,41
94208,102,98,40
94224,102,98,39
94240,102,98,38
94256,102,98,37
94272,102,98,36
94288,102,98,34
94304,102,98,33
94320,102,98,32
94336,102,98,31
94352,102,98,29
94368,102,98,29
94385,102,98,28
94401,102,98,27
94417,102,98,27
94433,102,98,27
94449,102,98,28
94465,102,98,32
94481,102,98,38
94497,102,98,43
94513,102,98,50
94529,102,98,56
94546,102,98,60
94562,102,98,63
94578,102,98,63
94594,102,98,63
94610,102,98,61
94626,104,98,60
94642,104,98,58
94658,104,98,55
94674,104,98,53
94690,104,98,50
94707,104,98,48
94723,104,98,46
94739,104,98,44
94755,104,98,43
94771,104,98,42
94787,104,98,41
94803,104,98,41
94819,104,98,41
94836,104,98,40
94852,104,98,40
94868,104,98,39
94884,104,98,37
94900,104,98,36
94916,104,98,34
94932,104,98,33
94948,104,98,31
94964,104,98,29
94980,104,98,28
94997,104,98,28
95013,104,98,31
95029,104,98,35
95045,104,98,40
95061,104,98,45
95077,104,98,51
95093,104,98,56
95109,104,98,58
95125,104,98,59
95142,104,98,59
95158,104,98,58
95174,105,98,57
95190,105,98,55
95206,105,98,53
95222,105,98,51
95238,105,98,48
95254,105,98,46
95271,105,98,46
95287,105,98,44
95303,105,98,43
95319,105,98,41
95335,105,98,40
95351,105,98,40
95367,105,98,40
95383,105,98,39
95399,105,98,38
95415,105,98,37
95431,105,98,36
95448,105,98,34
95464,105,98,33
95480,105,98,31
95496,105,98,29
95512,105,98,27
95528,105,98,25
95544,105,98,24
95560,105,98,23
95576,105,98,25
95592,105,98,29
95608,105,98,35
95624,105,98,40
95641,105,98,47
95657,105,98,52
95673,105,98,56
95689,105,98,58
95705,105,98,58
95721,105,98,58
95737,105,98,57
95753,105,98,55
95769,105,98,53
95785,105,98,51
95801,105,98,48
95817,105,98,46
95833,105,98,43
95849,105,98,41
95866,105,98,40
95882,105,98,39
95898,105,98,38
95914,105,98,37
95930,105,98,36
95946,105,98,36
95962,105,98,35
95978,105,98,34
95994,105,98,34
96010,105,98,32
96026,105,98,31
96042,105,98,30
96058,105,98,29
96075,105,98,27
96091,105,98,26
96107,105,98,25
96123,105,98,24
96139,105,98,24
96155,105,98,23
96171,105,98,24
96187,105,98,27
96203,105,98,32
96219,105,98,38
96235,105,98,44
96251,105,98,51
96268,105,98,56
96284,105,98,59
96300,105,98,60
96316,105,98,60
96332,105,98,59
96348,105,98,57
96364,105,98,55
96380,105,98,52
96396,105,98,50
96412,105,98,47
96429,105,98,45
96445,105,98,43
96461,105,98,42
96477,105,98,41
96493,105,98,40
96509,105,98,40
96525,105,98,40
96541,105,98,39
96557,105,98,39
96573,105,98,38
96590,105,98,38
96606,105,98,37
96622,105,98,36
96638,105,98,35
96654,105,98,34
96670,105,98,33
96686,105,98,32
96702,105,98,30
96718,105,98,29
96735,105,98,28
96751,105,98,26
96767,105,98,26
96783,105,98,26
96799,105,98,30
96815,105,98,35
96831,105,98,40
96847,105,98,46
96863,105,98,53
96879,105,98,57
96895,105,98,60
96912,105,98,60
96928,105,98,59
96944,105,98,58
96960,104,98,56
96976,104,98,54
96992,104,98,51
97008,104,98,49
97024,104,98,49
97040,104,98,47
97057,104,98,45
97073,104,98,43
97089,104,98,41
97105,104,98,40
97121,104,98,40
97137,104,98,40
97153,104,98,40
97169,104,98,39
97185,104,98,39
97201,104,98,38
97218,104,98,38
97234,104,98,37
97250,104,98,36
97266,104,98,35
97282,104,98,34
97298,104,98,33
97314,104,98,32
97330,104,98,30
97346,104,98,29
97363,104,98,28
97379,104,98,27
97395,104,98,27
97411,104,98,29
97427,104,98,33
97443,104,98,38
97459,104,98,43
97475,104,98,43
97491,104,98,49
97507,104,98,54
97523,104,98,56
97539,104,98,57
97556,103,98,56
97572,103,98,54
97588,103,98,52
97604,103,98,50
97620,103,98,48
97636,103,98,46
97652,103,98,44
97668,103,98,42
97684,103,98,40
97700,103,98,40
97716,103,98,39
97732,103,98,38
97749,103,98,38
97765,103,98,37
97781,103,98,37
97797,103,98,37
97813,103,98,37
97829,103,98,36
97845,103,98,36
97861,103,98,35
97877,103,98,34
97893,103,98,33
97910,103,98,32
97926,103,98,32
97942,103,98,31
97958,103,98,30
97974,103,98,29
97990,103,98,29
98006,103,98,28
98022,103,98,27
98038,103,98,27
98054,103,98,29
98071,103,98,33
98087,103,98,38
98103,103,98,42
98119,103,98,48
98135,103,98,52
98151,103,98,54
98167,103,98,54
98183,103,98,53
98199,102,98,63
98216,102,98,59
98232,102,98,54
98248,102,98,50
98264,102,98,45
98280,102,98,41
98296,102,98,38
98312,102,98,35
98328,102,98,32
98344,102,98,30
98360,102,98,29
98377,102,98,29
98393,102,98,28
98409,102,98,28
98425,102,98,27
98441,102,98,27
98457,102,98,26
98473,102,98,25
98489,102,98,24
98505,102,98,23
98521,102,98,21
98538,102,98,20
98554,102,98,18
98570,102,98,17
98586,102,98,15
98602,102,98,14
98618,102,98,12
98634,102,98,11
98650,102,98,10
98666,102,98,12
98682,102,98,17
98699,102,98,26
98715,102,98,36
98731,102,98,46
98747,102,98,57
98763,102,98,65
98779,102,98,68
98795,102,98,68
98811,102,98,68
98827,102,98,64
98843,102,98,60
98859,102,98,55
98876,102,98,50
98892,102,98,44
98908,102,98,40
98924,102,98,36
98940,102,98,32
98956,102,98,29
98972,102,98,27
98988,102,98,26
99004,102,98,25
99020,102,98,24
99037,102,98,24
99053,102,98,24
99069,102,98,24
99085,102,98,23
99101,102,98,22
99117,102,98,21
99133,102,98,20
99149,102,98,19
99165,102,98,19
99181,102,98,18
99198,102,98,17
99214,102,98,16
99230,102,98,15
99246,102,98,15
99262,102,98,15
99278,102,98,17
99294,102,98,23
99310,102,98,32
99326,102,98,42
99342,102,98,53
99359,102,98,64
99375,102,98,71
99391,102,98,73
99407,101,98,72
99423,101,98,68
99439,101,98,63
99455,101,98,58
99471,101,98,53
99487,101,98,48
99504,101,98,44
99520,101,98,40
99536,101,98,37
99552,101,98,35
99568,101,98,33
99584,101,98,32
99600,101,98,31
99616,101,98,31
99632,101,98,31
99648,101,98,30
99665,101,98,30
99681,101,98,29
99697,101,98,29
99713,101,98,29
99729,101,98,28
99745,101,98,27
99761,101,98,26
99777,101,98,25
99793,101,98,24
99809,101,98,22
99826,101,98,22
99842,101,98,22
99858,101,98,27
99874,101,98,35
99890,101,98,44
99906,101,98,54
99922,101,98,64
99938,101,98,73
99954,101,98,76
99970,101,98,76
99987,101,98,73
100003,101,98,69
100019,101,98,65
100035,101,98,61
100051,101,98,56
100067,101,98,52
100083,101,98,48
100099,101,98,44
100115,101,98,41
100131,101,98,39
100147,101,98,38
100163,101,98,38
100179,101,98,37
100196,101,98,36
100212,101,98,36
100228,101,98,35
100244,101,98,35
100260,101,98,34
100276,101,98,33
100292,101,98,32
100308,101,98,31
100324,101,98,30
100340,101,98,30
100356,101,98,29
100372,101,98,28
100389,101,98,27
100405,101,98,30
100421,101,98,35
100437,101,98,42
100453,101,98,51
100469,101,98,60
100485,101,98,68
100501,101,98,73
100517,101,98,74
100533,101,98,73
100550,101,98,70
100566,101,98,67
100582,101,98,63
100598,101,98,63
100614,101,98,59
100630,101,98,55
100646,101,98,51
100662,101,98,48
100678,101,98,45
100694,101,98,42
100710,101,98,40
100727,101,98,40
100743,101,98,39
100759,101,98,39
100775,101,98,38
100791,101,98,38
100807,101,98,38
100823,101,98,37
100839,101,98,36
100855,101,98,35
100871,101,98,34
100887,101,98,33
100903,101,98,31
100920,101,98,30
100936,101,98,30
100952,101,98,32
100968,101,98,37
100984,101,98,43
101000,101,98,50
101016,101,98,58
101032,101,98,58
101048,101,98,65
101064,101,98,69
101081,101,98,71
101097,101,98,69
101113,101,98,67
101129,101,98,63
101145,101,98,60
101161,101,98,56
101177,101,98,53
101193,101,98,50
101209,101,98,47
101225,101,98,44
101242,101,98,42
101258,101,98,40
101274,101,98,40
101290,101,98,39
101306,101,98,39
101322,101,98,39
101338,101,98,38
101354,101,98,38
101370,101,98,37
101387,101,98,37
101403,101,98,36
101419,101,98,35
101435,101,98,34
101451,101,98,32
101467,101,98,31
101483,101,98,31
101499,101,98,30
101515,101,98,31
101531,101,98,35
101548,101,98,40
101564,101,98,48
101580,101,98,55
101596,101,98,62
101612,101,98,67
101628,101,98,69
101644,101,98,68
101660,102,98,66
101676,102,98,64
101692,102,98,61
101708,102,98,57
101724,102,98,54
101741,102,98,51
101757,102,98,48
101773,102,98,46
101789,102,98,44
101805,102,98,42
101821,102,98,41
101837,102,98,40
101853,102,98,40
101869,102,98,40
101885,102,98,40
101901,102,98,40
101917,102,98,40
101933,102,98,39
101950,102,98,38
101966,102,98,37
101982,102,98,36
101998,102,98,35
102014,102,98,33
102030,102,98,32
102046,102,98,31
102062,102,98,29
102078,102,98,28
102094,102,98,29
102111,102,98,32
102127,102,98,37
102143,102,98,43
102159,102,98,51
102175,102,98,58
102191,102,98,64
102207,102,98,67
102223,102,98,66
102239,102,98,65
102255,102,98,62
102272,102,98,59
102288,102,98,55
102304,102,98,52
102320,102,98,49
102336,102,98,46
102352,102,98,44
102368,102,98,44
102384,102,98,42
102400,102,98,40
102416,102,98,40
102433,102,98,40
102449,102,98,39
102465,102,98,39
102481,102,98,39
102497,102,98,39
102513,102,98,38
102529,102,98,37
102545,102,98,36
102561,102,98,35
102577,102,98,33
102594,102,98,32
102610,102,98,31
102626,102,98,29
102642,102,98,28
102658,102,98,26
102674,102,98,25
102690,102,98,25
102706,102,98,26
102722,102,98,31
102738,102,98,37
102755,102,98,44
102771,102,98,52
102787,102,98,60
102803,102,98,64
102819,102,98,64
102835,102,98,66
102851,102,98,65
102867,102,98,62
102883,102,98,59
102899,102,98,56
102916,102,98,53
102932,102,98,49
102948,102,98,46
102964,102,98,43
102980,102,98,41
102996,102,98,40
103012,102,98,39
103028,102,98,39
103044,102,98,39
103060,102,98,39
103077,102,98,39
103093,102,98,38
103109,102,98,38
103125,102,98,37
103141,102,98,36
103157,102,98,35
103173,102,98,34
103189,102,98,32
103205,102,98,31
103221,102,98,30
103237,102,98,28
103254,102,98,28
103270,102,98,27
103286,102,98,26
103302,102,98,26
103318,102,98,27
103334,102,98,32
103350,102,98,39
103366,102,98,46
103382,102,98,55
103398,102,98,62
103414,102,98,68
103431,102,98,70
103447,102,98,69
103463,103,98,67
103479,103,98,65
103495,103,98,62
103511,103,98,59
103527,103,98,56
103543,103,98,53
103559,103,98,50
103576,103,98,47
103592,103,98,45
103608,103,98,44
103624,103,98,43
103640,103,98,42
103656,103,98,42
103672,103,98,42
103688,103,98,42
103704,103,98,42
103720,103,98,41
103737,103,98,40
103753,103,98,40
103769,103,98,39
103785,103,98,38
103801,103,98,37
103817,103,98,35
103833,103,98,34
103849,103,98,33
103865,103,98,32
103881,103,98,31
103898,103,98,31
103914,103,98,33
103930,103,98,39
103946,103,98,45
103962,103,98,53
103978,103,98,61
103994,103,98,67
104010,103,98,72
104026,103,98,73
104042,103,98,72
104059,103,98,71
104075,103,98,68
104091,103,98,66
104107,103,98,63
104123,103,98,60
104139,103,98,57
104155,103,98,57
104171,103,98,54
104187,103,98,51
104204,103,98,49
104220,103,98,48
104236,103,98,46
104252,103,98,45
104268,103,98,45
104284,103,98,44
104300,103,98,43
104316,103,98,43
104332,103,98,41
104348,103,98,40
104365,103,98,40
104381,103,98,38
104397,103,98,37
104413,103,98,35
104429,103,98,34
104445,103,98,32
104461,103,98,31
104477,103,98,29
104493,103,98,28
104510,103,98,27
104526,103,98,29
104542,103,98,34
104558,103,98,40
104574,103,98,47
104590,103,98,55
104606,103,98,55
104622,103,98,62
104638,103,98,67
104654,103,98,69
104670,103,98,69
104687,103,98,68
104703,103,98,65
104719,103,98,63
104735,103,98,60
104751,103,98,57
104767,103,98,54
104783,103,98,51
104799,103,98,48
104815,103,98,46
104832,103,98,44
104848,103,98,42
104864,103,98,41
104880,103,98,40
104896,103,98,40
104912,103,98,40
104928,103,98,39
104944,103,98,38
104960,103,98,37
104976,103,98,36
104993,103,98,34
105009,103,98,32
105025,103,98,31
105041,103,98,29
105057,103,98,29
105073,103,98,27
105089,103,98,26
105105,103,98,24
105121,103,98,23
105138,103,98,22
105154,103,98,21
105170,103,98,20
105186,103,98,18
105202,103,98,18
105218,103,98,17
105234,103,98,16
105250,103,98,15
105266,103,98,16
105282,103,98,19
105299,103,98,26
105315,103,98,34
105331,103,98,43
105347,103,98,53
105363,103,98,62
105379,103,98,68
105395,103,98,70
105411,103,98,70
105427,103,98,68
105443,103,98,65
105459,103,98,62
105475,103,98,59
105491,103,98,59
105508,103,98,56
105524,103,98,53
105540,103,98,49
105556,103,98,47
105572,103,98,44
105588,103,98,42
105604,103,98,41
105620,103,98,40
105636,103,98,40
105652,103,98,40
105668,103,98,39
105685,103,98,39
105701,103,98,38
105717,103,98,37
105733,103,98,35
105749,103,98,33
105765,103,98,32
105781,103,98,30
105797,103,98,28
105813,103,98,26
105829,103,98,24
105846,103,98,23
105862,103,98,21
105878,103,98,20
105894,103,98,18
105910,103,98,17
105926,103,98,16
105942,103,98,16
105958,103,98,14
105974,103,98,13
105990,103,98,13
106006,103,98,15
106023,103,98,20
106039,103,98,29
106055,103,98,39
106071,103,98,48
106087,103,98,58
106103,103,98,65
106119,103,98,68
106135,103,98,68
106151,103,98,66
106168,103,98,63
106184,103,98,59
106200,103,98,55
106216,103,98,51
106232,103,98,47
106248,103,98,44
106264,103,98,41
106280,103,98,39
106296,103,98,37
106312,103,98,35
106329,103,98,34
106345,103,98,34
106361,103,98,33
106377,103,98,33
106393,103,98,33
106409,103,98,32
106425,103,98,31
106441,103,98,29
106457,103,98,28
106474,103,98,26
106490,103,98,24
106506,103,98,22
106522,103,98,20
106538,103,98,18
106554,103,98,16
106570,103,98,14
106586,103,98,12
106602,103,98,10
106619,103,98,8
106635,103,98,7
106651,103,98,5
106667,103,98,4
106683,103,98,3
106699,103,98,3
106715,103,98,8
106731,103,98,17
106747,103,98,28
106764,103,98,40
106780,103,98,53
106796,103,98,64
106812,103,98,70
106828,103,98,72
106844,103,98,72
106860,103,98,71
106876,103,98,68
106892,103,98,64
106908,103,98,60
106924,103,98,56
106940,103,98,51
106957,103,98,47
106973,103,98,43
106989,103,98,40
107005,103,98,38
107021,103,98,36
107037,103,98,36
107053,103,98,35
107069,103,98,35
107085,103,98,35
107101,103,98,34
107117,103,98,34
107134,103,98,33
107150,103,98,31
107166,103,98,30
107182,103,98,28
107198,103,98,26
107214,103,98,24
107230,103,98,22
107246,103,98,20
107262,103,98,18
107278,103,98,18
107294,103,98,16
107311,103,98,14
107327,103,98,12
107343,103,98,10
107359,103,98,8
107375,103,98,8
107391,103,98,12
107407,103,98,21
107423,103,98,33
107439,103,98,45
107455,103,98,58
107472,103,98,70
107488,103,98,78
107504,103,98,81
107520,103,98,80
107536,103,98,77
107552,103,98,74
107568,103,98,70
107584,103,98,66
107600,103,98,62
107617,103,98,58
107633,103,98,54
107649,103,98,51
107665,103,98,47
107681,103,98,45
107697,103,98,43
107713,103,98,42
107729,103,98,42
107745,103,98,41
107761,103,98,40
107778,103,98,40
107794,103,98,39
107810,103,98,38
107826,103,98,36
107842,103,98,34
107858,103,98,32
107874,103,98,30
107890,103,98,28
107906,103,98,25
107922,103,98,23
107939,103,98,21
107955,103,98,19
107971,103,98,17
107987,103,98,15
108003,103,98,13
108019,103,98,11
108035,103,98,14
108051,103,98,21
108067,103,98,32
108084,103,98,43
108100,103,98,56
108116,103,98,68
108132,103,98,76
108148,103,98,79
108164,103,98,80
108180,103,98,80
108196,103,98,78
108212,103,98,74
108228,103,98,71
108245,103,98,67
108261,103,98,63
108277,103,98,58
108293,103,98,54
108309,103,98,50
108325,103,98,47
108341,103,98,43
108357,103,98,41
108373,103,98,40
108389,103,98,39
108406,103,98,38
108422,103,98,37
108438,103,98,36
108454,103,98,35
108470,103,98,34
108486,103,98,32
108502,103,98,31
108518,103,98,29
108534,103,98,26
108551,103,98,24
108567,103,98,22
108583,103,98,19
108599,103,98,17
108615,103,98,14
108631,103,98,14
108647,103,98,12
108663,103,98,9
108679,103,98,7
108696,103,98,8
108712,103,98,14
108728,103,98,24
108744,103,98,36
108760,103,98,48
108776,103,98,61
108792,103,98,71
108808,103,98,76
108824,103,98,77
108841,101,98,76
108857,101,98,72
108873,101,98,68
108889,101,98,64
108905,101,98,59
108921,101,98,55
108937,101,98,50
108953,101,98,45
108969,101,98,41
108985,101,98,39
109002,101,98,36
109018,101,98,34
109034,101,98,32
109050,101,98,31
109066,101,98,30
109082,101,98,30
109098,101,98,29
109114,101,98,28
109130,101,98,27
109147,101,98,25
109163,101,98,23
109179,101,98,21
109195,101,98,18
109211,101,98,16
109227,101,98,13
109243,101,98,10
109259,101,98,8
109275,101,98,5
109292,101,98,3
109308,101,98,0
109324,101,98,0
109340,101,98,0
109356,101,98,3
109372,101,98,13
109388,101,98,26
109404,101,98,40
109420,101,98,54
109436,101,98,68
109453,101,98,76
109469,101,98,79
109485,101,98,78
109501,101,98,75
109517,99,98,71
109533,99,98,71
109549,99,98,66
109565,99,98,60
109581,99,98,54
109597,99,98,49
109613,99,98,43
109629,99,98,39
109646,99,98,34
109662,99,98,30
109678,99,98,27
109694,99,98,25
109710,99,98,23
109726,99,98,22
109742,99,98,20
109758,99,98,19
109774,99,98,17
109790,99,98,15
109807,99,98,12
109823,99,98,10
109839,99,98,8
109855,99,98,5
109871,99,98,4
109887,99,98,2
109903,99,98,1
109919,99,98,0
109935,99,98,0
109952,99,98,0
109968,99,98,0
109984,99,98,0
110000,99,98,0
110016,99,98,3
110032,99,98,12
110048,99,98,25
110064,99,98,40
110080,99,98,54
110096,99,98,69
110112,99,98,79
110128,99,98,83
110145,99,98,82
110161,98,98,78
110177,98,98,73
110193,98,98,67
110209,98,98,61
110225,98,98,54
110241,98,98,47
110257,98,98,41
110273,98,98,37
110289,98,98,32
110305,98,98,28
110321,98,98,24
110337,98,98,22
110354,98,98,20
110370,98,98,18
110386,98,98,17
110402,98,98,16
110418,98,98,16
110434,98,98,15
110450,98,98,14
110466,98,98,13
110482,98,98,12
110498,98,98,11
110514,98,98,10
110530,98,98,9
110547,98,98,9
110563,98,98,8
110579,98,98,8
110595,98,98,7
110611,98,98,8
110627,98,98,11
110643,98,98,20
110659,98,98,33
110675,98,98,48
110691,98,98,64
110707,98,98,79
110723,98,98,91
110739,98,98,96
110756,98,98,97
110772,98,98,94
110788,96,98,65
110804,96,98,62
110820,96,98,59
110836,96,98,56
110852,96,98,56
110868,96,98,53
110884,96,98,50
110900,96,98,47
110916,96,98,45
110932,96,98,43
110949,96,98,41
110965,96,98,40
110981,96,98,40
110997,96,98,39
111013,96,98,38
111029,96,98,38
111045,96,98,37
111061,96,98,36
111077,96,98,34
111093,96,98,33
111109,96,98,32
111126,96,98,30
111142,96,98,29
111158,96,98,28
111174,96,98,27
111190,96,98,26
111206,96,98,25
111222,96,98,26
111238,96,98,30
111255,96,98,36
111271,96,98,42
111287,96,98,50
111303,96,98,50
111319,96,98,57
111335,96,98,63
111351,96,98,66
111367,96,98,66
111383,96,98,65
111399,96,98,64
111416,96,98,61
111432,96,98,59
111448,96,98,56
111464,96,98,54
111480,96,98,51
111496,96,98,48
111512,96,98,46
111528,96,98,44
111544,96,98,42
111560,96,98,41
111577,96,98,40
111593,96,98,40
111609,96,98,39
111625,96,98,39
111641,96,98,38
111657,96,98,37
111673,96,98,36
111689,96,98,35
111705,96,98,33
111722,96,98,32
111738,96,98,30
111754,96,98,30
111770,96,98,29
111786,96,98,27
111802,96,98,26
111818,96,98,27
111834,96,98,31
111850,96,98,37
111866,96,98,42
111882,96,98,49
111899,96,98,55
111915,96,98,60
111931,96,98,61
111947,96,98,61
111963,97,98,60
111979,97,98,58
111995,97,98,56
112011,97,98,54
112027,97,98,51
112043,97,98,49
112059,97,98,46
112076,97,98,44
112092,97,98,42
112108,97,98,40
112124,97,98,40
112140,97,98,39
112156,97,98,38
112172,97,98,37
112188,97,98,37
112204,97,98,36
112220,97,98,36
112237,97,98,35
112253,97,98,33
112269,97,98,32
112285,97,98,31
112301,97,98,29
112317,97,98,28
112333,97,98,26
112349,97,98,24
112365,97,98,23
112382,97,98,22
112398,97,98,23
112414,97,98,26
112430,97,98,31
112446,97,98,38
112462,97,98,44
112478,97,98,51
112494,97,98,56
112510,97,98,59
112527,97,98,59
112543,97,98,58
112559,97,98,57
112575,97,98,55
112591,97,98,52
112607,97,98,50
112623,97,98,47
112639,97,98,47
112655,97,98,45
112671,97,98,43
112688,97,98,41
112704,97,98,40
112720,97,98,39
112736,97,98,39
112752,97,98,38
112768,97,98,38
112784,97,98,38
112800,97,98,38
112816,97,98,37
112832,97,98,36
112848,97,98,35
112865,97,98,34
112881,97,98,33
112897,97,98,31
112913,97,98,30
112929,97,98,28
112945,97,98,27
112961,97,98,26
112977,97,98,27
112993,97,98,31
113009,97,98,37
113025,97,98,42
113041,97,98,49
113058,97,98,55
113074,97,98,60
113090,97,98,60
113106,97,98,62
113122,97,98,62
113138,97,98,61
113154,97,98,59
113170,97,98,58
113186,97,98,55
113202,97,98,53
113218,97,98,51
113234,97,98,49
113251,97,98,47
113267,97,98,46
113283,97,98,45
113299,97,98,44
113315,97,98,43
113331,97,98,43
113347,97,98,42
113363,97,98,42
113379,97,98,41
113395,97,98,40
113412,97,98,40
113428,97,98,39
113444,97,98,37
113460,97,98,36
113476,97,98,35
113492,97,98,33
113508,97,98,31
113524,97,98,31
113540,97,98,30
113556,97,98,29
113573,97,98,31
113589,97,98,34
113605,97,98,39
113621,97,98,43
113637,97,98,49
113653,97,98,54
113669,97,98,58
113685,97,98,59
113701,97,98,59
113717,98,98,58
113733,98,98,56
113750,98,98,55
113766,98,98,53
113782,98,98,51
113798,98,98,49
113814,98,98,47
113830,98,98,45
113846,98,98,43
113862,98,98,42
113878,98,98,41
113894,98,98,41
113910,98,98,40
113927,98,98,40
113943,98,98,40
113959,98,98,40
113975,98,98,40
113991,98,98,39
114007,98,98,38
114023,98,98,37
114039,98,98,36
114055,98,98,35
114071,98,98,34
114087,98,98,32
114104,98,98,31
114120,98,98,29
114136,98,98,28
114152,98,98,26
114168,98,98,27
114184,98,98,29
114200,98,98,33
114216,98,98,38
114232,98,98,44
114249,98,98,49
114265,98,98,54
114281,98,98,57
114297,98,98,57
114313,98,98,57
114329,98,98,55
114345,99,98,54
114361,99,98,52
114377,99,98,49
114393,99,98,47
114410,99,98,47
114426,99,98,45
114442,99,98,43
114458,99,98,41
114474,99,98,40
114490,99,98,40
114506,99,98,39
114522,99,98,39
114538,99,98,38
114554,99,98,38
114571,99,98,37
114587,99,98,37
114603,99,98,36
114619,99,98,35
114635,99,98,34
114651,99,98,32
114667,99,98,31
114683,99,98,29
114699,99,98,28
114715,99,98,26
114732,99,98,24
114748,99,98,22
114764,99,98,21
114780,99,98,19
114796,99,98,18
114812,99,98,18
114828,99,98,20
114844,99,98,24
114860,99,98,24
114876,99,98,31
114893,99,98,38
114909,99,98,44
114925,99,98,51
114941,99,98,56
114957,99,98,58
114973,99,98,58
114989,99,98,57
115005,99,98,55
115021,99,98,53
115037,99,98,51
115054,99,98,49
115070,99,98,46
115086,99,98,44
115102,99,98,42
115118,99,98,41
115134,99,98,40
115150,99,98,40
115166,99,98,40
115182,99,98,40
115199,99,98,39
115215,99,98,39
115231,99,98,39
115247,99,98,38
115263,99,98,37
115279,99,98,36
115295,99,98,35
115311,99,98,35
115327,99,98,34
115344,99,98,33
115360,99,98,31
115376,99,98,30
115392,99,98,28
115408,99,98,27
115424,99,98,26
115440,99,98,25
115456,99,98,26
115472,99,98,29
115489,99,98,34
115505,99,98,40
115521,99,98,46
115537,99,98,53
115553,99,98,58
115569,99,98,60
115585,99,98,61
115601,99,98,60
115617,99,98,59
115633,99,98,57
115650,99,98,55
115666,99,98,53
115682,99,98,51
115698,99,98,49
115714,99,98,47
115730,99,98,45
115746,99,98,44
115762,99,98,44
115778,99,98,43
115794,99,98,42
115811,99,98,42
115827,99,98,41
115843,99,98,41
115859,99,98,40
115875,99,98,40
115891,99,98,39
115907,99,98,38
115923,99,98,37
115939,99,98,35
115956,99,98,34
115972,99,98,33
115988,99,98,31
116004,99,98,29
116020,99,98,28
116036,99,98,26
116052,99,98,25
116068,99,98,25
116084,99,98,27
116100,99,98,31
116117,99,98,37
116133,99,98,43
116149,99,98,49
116165,99,98,54
116181,99,98,58
116197,99,98,59
116213,99,98,59
116229,99,98,59
116245,100,98,57
116261,100,98,56
116278,100,98,54
116294,100,98,52
116310,100,98,50
116326,100,98,48
116342,100,98,46
116358,100,98,44
116374,100,98,42
116390,100,98,41
116406,100,98,40
116423,100,98,40
116439,100,98,39
116455,100,98,39
116471,100,98,38
116487,100,98,37
116503,100,98,37
116519,100,98,36
116535,100,98,35
116551,100,98,33
116567,100,98,32
116584,100,98,31
116600,100,98,29
116616,100,98,28
116632,100,98,26
116648,100,98,25
116664,100,98,25
116680,100,98,23
116696,100,98,21
116712,100,98,20
116728,100,98,20
116744,100,98,22
116760,100,98,27
116776,100,98,33
116792,100,98,40
116809,100,98,47
116825,100,98,53
116841,100,98,57
116857,100,98,58
116873,100,98,58
116889,100,98,57
116905,99,98,56
116921,99,98,54
116937,99,98,52
116953,99,98,50
116969,99,98,48
116985,99,98,45
117002,99,98,43
117018,99,98,41
117034,99,98,40
117050,99,98,39
117066,99,98,38
117082,99,98,37
117098,99,98,37
117114,99,98,35
117130,99,98,34
117147,99,98,33
117163,99,98,32
117179,99,98,31
117195,99,98,29
117211,99,98,28
117227,99,98,27
117243,99,98,25
117259,99,98,24
117275,99,98,22
117291,99,98,21
117307,99,98,20
117323,99,98,19
117339,99,98,18
117356,99,98,18
117372,99,98,17
117388,99,98,17
117404,99,98,20
117420,99,98,25
117436,99,98,31
117452,99,98,39
117468,99,98,46
117484,99,98,53
117500,99,98,58
117516,99,98,60
117533,99,98,60
117549,99,98,60
117565,98,98,59
117581,98,98,57
